Config,Model,Type,Epoch,Predicted,GT
1,resnet50,train,1,"['<SOS>', 'chicken', 'chicken', '<EOS>', '<PAD>', '<PAD>', '<PAD>', '<PAD>', '<PAD>', '<PAD>', '<PAD>', '<PAD>', '<PAD>', '<PAD>', '<PAD>', '<PAD>', '<PAD>']","['<SOS>', 'asian', 'glazed', 'chicken', 'thigh', '<EOS>', '<PAD>', '<PAD>', '<PAD>', '<PAD>', '<PAD>', '<PAD>', '<PAD>', '<PAD>', '<PAD>', '<PAD>', '<PAD>']"
1,resnet50,train,1,"['<SOS>', 'black', 'black', '<EOS>', '<EOS>', '<EOS>', '<PAD>', '<PAD>', '<PAD>', '<PAD>', '<PAD>', '<PAD>', '<PAD>', '<PAD>', '<PAD>', '<PAD>', '<PAD>']","['<SOS>', 'ba', 's', 'best', 'strawberry', 'shortcake', '<EOS>', '<PAD>', '<PAD>', '<PAD>', '<PAD>', '<PAD>', '<PAD>', '<PAD>', '<PAD>', '<PAD>', '<PAD>']"
1,resnet50,train,1,"['<SOS>', 'homemade', '<EOS>', '<EOS>', '<EOS>', '<PAD>', '<PAD>', '<PAD>', '<PAD>', '<PAD>', '<PAD>', '<PAD>', '<PAD>', '<PAD>', '<PAD>', '<PAD>', '<PAD>']","['<SOS>', 'homemade', 'sprinkle', '<EOS>', '<PAD>', '<PAD>', '<PAD>', '<PAD>', '<PAD>', '<PAD>', '<PAD>', '<PAD>', '<PAD>', '<PAD>', '<PAD>', '<PAD>', '<PAD>']"
1,resnet50,train,1,"['<SOS>', 'green', 'chicken', '<EOS>', '<EOS>', '<PAD>', '<PAD>', '<PAD>', '<PAD>', '<PAD>', '<PAD>', '<PAD>', '<PAD>', '<PAD>', '<PAD>', '<PAD>', '<PAD>']","['<SOS>', 'green', 'olive', 'goat', 'cheese', 'crostini', '<EOS>', '<PAD>', '<PAD>', '<PAD>', '<PAD>', '<PAD>', '<PAD>', '<PAD>', '<PAD>', '<PAD>', '<PAD>']"
1,resnet50,train,1,"['<SOS>', 'green', 'green', '<EOS>', '<EOS>', '<PAD>', '<PAD>', '<PAD>', '<PAD>', '<PAD>', '<PAD>', '<PAD>', '<PAD>', '<PAD>', '<PAD>', '<PAD>', '<PAD>']","['<SOS>', 'green', 'curry', 'paste', '<EOS>', '<PAD>', '<PAD>', '<PAD>', '<PAD>', '<PAD>', '<PAD>', '<PAD>', '<PAD>', '<PAD>', '<PAD>', '<PAD>', '<PAD>']"
1,resnet50,train,1,"['<SOS>', 'green', 'chicken', 'salad', '<EOS>', '<EOS>', '<PAD>', '<PAD>', '<PAD>', '<PAD>', '<PAD>', '<PAD>', '<PAD>', '<PAD>', '<PAD>', '<PAD>', '<PAD>']","['<SOS>', 'skirt', 'steak', 'horseradish', 'potato', 'salad', '<EOS>', '<PAD>', '<PAD>', '<PAD>', '<PAD>', '<PAD>', '<PAD>', '<PAD>', '<PAD>', '<PAD>', '<PAD>']"
1,resnet50,train,1,"['<SOS>', 'chocolate', 'chocolate', 'chocolate', '<EOS>', '<EOS>', '<PAD>', '<PAD>', '<PAD>', '<PAD>', '<PAD>', '<PAD>', '<PAD>', '<PAD>', '<PAD>', '<PAD>', '<PAD>']","['<SOS>', 'chocolate', 'hazelnut', 'cake', 'praline', 'chocolate', 'crunch', '<EOS>', '<PAD>', '<PAD>', '<PAD>', '<PAD>', '<PAD>', '<PAD>', '<PAD>', '<PAD>', '<PAD>']"
1,resnet50,train,1,"['<SOS>', 'spiced', 'spiced', '<EOS>', '<EOS>', '<PAD>', '<PAD>', '<PAD>', '<PAD>', '<PAD>', '<PAD>', '<PAD>', '<PAD>', '<PAD>', '<PAD>', '<PAD>', '<PAD>']","['<SOS>', 'spiced', 'sweet', 'potato', 'parsnip', 'tian', '<EOS>', '<PAD>', '<PAD>', '<PAD>', '<PAD>', '<PAD>', '<PAD>', '<PAD>', '<PAD>', '<PAD>', '<PAD>']"
1,resnet50,val,1,"['<SOS>', 'fresh', '<EOS>', '<EOS>', '<EOS>', '<PAD>', '<PAD>', '<PAD>', '<PAD>', '<PAD>', '<PAD>', '<PAD>', '<PAD>', '<PAD>', '<PAD>', '<PAD>', '<PAD>']","['<SOS>', 'port', 'roasted', 'chestnut', 'grape', '<EOS>', '<PAD>', '<PAD>', '<PAD>', '<PAD>', '<PAD>', '<PAD>', '<PAD>', '<PAD>', '<PAD>', '<PAD>', '<PAD>']"
1,resnet50,val,1,"['<SOS>', 'fresh', '<EOS>', '<EOS>', '<EOS>', '<PAD>', '<PAD>', '<PAD>', '<PAD>', '<PAD>', '<PAD>', '<PAD>', '<PAD>', '<PAD>', '<PAD>', '<PAD>', '<PAD>']","['<SOS>', 'roasted', 'red', 'pepper', 'feta', 'dip', '<EOS>', '<PAD>', '<PAD>', '<PAD>', '<PAD>', '<PAD>', '<PAD>', '<PAD>', '<PAD>', '<PAD>', '<PAD>']"
1,resnet50,val,1,"['<SOS>', 'green', 'salad', 'salad', 'salad', '<EOS>', '<EOS>', '<PAD>', '<PAD>', '<PAD>', '<PAD>', '<PAD>', '<PAD>', '<PAD>', '<PAD>', '<PAD>', '<PAD>']","['<SOS>', 'green', 'vegetable', 'salad', '<EOS>', '<PAD>', '<PAD>', '<PAD>', '<PAD>', '<PAD>', '<PAD>', '<PAD>', '<PAD>', '<PAD>', '<PAD>', '<PAD>', '<PAD>']"
1,resnet50,train,2,"['<SOS>', 'classic', 'salad', '<EOS>', '<EOS>', '<PAD>', '<PAD>', '<PAD>', '<PAD>', '<PAD>', '<PAD>', '<PAD>', '<PAD>', '<PAD>', '<PAD>', '<PAD>', '<PAD>']","['<SOS>', 'classic', 'herb', 'fennel', 'stuffing', '<EOS>', '<PAD>', '<PAD>', '<PAD>', '<PAD>', '<PAD>', '<PAD>', '<PAD>', '<PAD>', '<PAD>', '<PAD>', '<PAD>']"
1,resnet50,train,2,"['<SOS>', 'butternut', 'squash', 'squash', '<EOS>', '<EOS>', '<PAD>', '<PAD>', '<PAD>', '<PAD>', '<PAD>', '<PAD>', '<PAD>', '<PAD>', '<PAD>', '<PAD>', '<PAD>']","['<SOS>', 'butternut', 'squash', 'radicchio', 'pappardelle', '<EOS>', '<PAD>', '<PAD>', '<PAD>', '<PAD>', '<PAD>', '<PAD>', '<PAD>', '<PAD>', '<PAD>', '<PAD>', '<PAD>']"
1,resnet50,train,2,"['<SOS>', 'avocado', '<EOS>', '<EOS>', '<EOS>', '<PAD>', '<PAD>', '<PAD>', '<PAD>', '<PAD>', '<PAD>', '<PAD>', '<PAD>', '<PAD>', '<PAD>', '<PAD>', '<PAD>']","['<SOS>', 'muhammara', '<EOS>', '<PAD>', '<PAD>', '<PAD>', '<PAD>', '<PAD>', '<PAD>', '<PAD>', '<PAD>', '<PAD>', '<PAD>', '<PAD>', '<PAD>', '<PAD>', '<PAD>']"
1,resnet50,train,2,"['<SOS>', 'lemon', 'lemon', '<EOS>', '<EOS>', '<PAD>', '<PAD>', '<PAD>', '<PAD>', '<PAD>', '<PAD>', '<PAD>', '<PAD>', '<PAD>', '<PAD>', '<PAD>', '<PAD>']","['<SOS>', 'lemon', 'honey', 'tart', 'salted', 'shortbread', 'crust', '<EOS>', '<PAD>', '<PAD>', '<PAD>', '<PAD>', '<PAD>', '<PAD>', '<PAD>', '<PAD>', '<PAD>']"
1,resnet50,train,2,"['<SOS>', 'thai', 'chicken', '<EOS>', '<EOS>', '<PAD>', '<PAD>', '<PAD>', '<PAD>', '<PAD>', '<PAD>', '<PAD>', '<PAD>', '<PAD>', '<PAD>', '<PAD>', '<PAD>']","['<SOS>', 'thai', 'green', 'chicken', 'curry', '<EOS>', '<PAD>', '<PAD>', '<PAD>', '<PAD>', '<PAD>', '<PAD>', '<PAD>', '<PAD>', '<PAD>', '<PAD>', '<PAD>']"
1,resnet50,train,2,"['<SOS>', 'chipotle', 'chicken', 'chop', '<EOS>', '<EOS>', '<PAD>', '<PAD>', '<PAD>', '<PAD>', '<PAD>', '<PAD>', '<PAD>', '<PAD>', '<PAD>', '<PAD>', '<PAD>']","['<SOS>', 'chipotle', 'rubbed', 'steak', 'gorgonzola', 'toast', '<EOS>', '<PAD>', '<PAD>', '<PAD>', '<PAD>', '<PAD>', '<PAD>', '<PAD>', '<PAD>', '<PAD>', '<PAD>']"
1,resnet50,train,2,"['<SOS>', 'marinated', 'marinated', '<EOS>', '<EOS>', '<EOS>', '<PAD>', '<PAD>', '<PAD>', '<PAD>', '<PAD>', '<PAD>', '<PAD>', '<PAD>', '<PAD>', '<PAD>', '<PAD>']","['<SOS>', 'marinated', 'tri', 'tip', 'chinese', 'mustard', 'sauce', 'roasted', 'green', 'onion', 'mushroom', '<EOS>', '<PAD>', '<PAD>', '<PAD>', '<PAD>', '<PAD>']"
1,resnet50,train,2,"['<SOS>', 'pork', 'tenderloin', '<EOS>', '<EOS>', '<EOS>', '<PAD>', '<PAD>', '<PAD>', '<PAD>', '<PAD>', '<PAD>', '<PAD>', '<PAD>', '<PAD>', '<PAD>', '<PAD>']","['<SOS>', 'pork', 'cassoulet', 'pork', 'confit', 'winter', 'tomato', 'sauce', '<EOS>', '<PAD>', '<PAD>', '<PAD>', '<PAD>', '<PAD>', '<PAD>', '<PAD>', '<PAD>']"
1,resnet50,val,2,"['<SOS>', 'french', '<EOS>', '<EOS>', '<EOS>', '<PAD>', '<PAD>', '<PAD>', '<PAD>', '<PAD>', '<PAD>', '<PAD>', '<PAD>', '<PAD>', '<PAD>', '<PAD>', '<PAD>']","['<SOS>', 'port', 'roasted', 'chestnut', 'grape', '<EOS>', '<PAD>', '<PAD>', '<PAD>', '<PAD>', '<PAD>', '<PAD>', '<PAD>', '<PAD>', '<PAD>', '<PAD>', '<PAD>']"
1,resnet50,val,2,"['<SOS>', 'french', '<EOS>', '<EOS>', '<EOS>', '<PAD>', '<PAD>', '<PAD>', '<PAD>', '<PAD>', '<PAD>', '<PAD>', '<PAD>', '<PAD>', '<PAD>', '<PAD>', '<PAD>']","['<SOS>', 'roasted', 'red', 'pepper', 'feta', 'dip', '<EOS>', '<PAD>', '<PAD>', '<PAD>', '<PAD>', '<PAD>', '<PAD>', '<PAD>', '<PAD>', '<PAD>', '<PAD>']"
1,resnet50,val,2,"['<SOS>', 'asparagus', 'salad', 'salad', '<EOS>', '<PAD>', '<PAD>', '<PAD>', '<PAD>', '<PAD>', '<PAD>', '<PAD>', '<PAD>', '<PAD>', '<PAD>', '<PAD>', '<PAD>']","['<SOS>', 'green', 'vegetable', 'salad', '<EOS>', '<PAD>', '<PAD>', '<PAD>', '<PAD>', '<PAD>', '<PAD>', '<PAD>', '<PAD>', '<PAD>', '<PAD>', '<PAD>', '<PAD>']"
1,resnet50,train,3,"['<SOS>', 'romaine', 'salad', '<EOS>', '<EOS>', '<EOS>', '<PAD>', '<PAD>', '<PAD>', '<PAD>', '<PAD>', '<PAD>', '<PAD>', '<PAD>', '<PAD>', '<PAD>', '<PAD>']","['<SOS>', 'romaine', 'egg', 'stuffed', 'tomato', 'pancetta', '<EOS>', '<PAD>', '<PAD>', '<PAD>', '<PAD>', '<PAD>', '<PAD>', '<PAD>', '<PAD>', '<PAD>', '<PAD>']"
1,resnet50,train,3,"['<SOS>', 'instant', 'pot', 'pot', '<EOS>', '<EOS>', '<PAD>', '<PAD>', '<PAD>', '<PAD>', '<PAD>', '<PAD>', '<PAD>', '<PAD>', '<PAD>', '<PAD>', '<PAD>']","['<SOS>', 'instant', 'pot', 'macaroni', 'cheese', '<EOS>', '<PAD>', '<PAD>', '<PAD>', '<PAD>', '<PAD>', '<PAD>', '<PAD>', '<PAD>', '<PAD>', '<PAD>', '<PAD>']"
1,resnet50,train,3,"['<SOS>', 'soft', 'chocolate', '<EOS>', '<EOS>', '<PAD>', '<PAD>', '<PAD>', '<PAD>', '<PAD>', '<PAD>', '<PAD>', '<PAD>', '<PAD>', '<PAD>', '<PAD>', '<PAD>']","['<SOS>', 'soft', 'lady', 'finger', '<EOS>', '<PAD>', '<PAD>', '<PAD>', '<PAD>', '<PAD>', '<PAD>', '<PAD>', '<PAD>', '<PAD>', '<PAD>', '<PAD>', '<PAD>']"
1,resnet50,train,3,"['<SOS>', 'master', '<EOS>', '<EOS>', '<PAD>', '<PAD>', '<PAD>', '<PAD>', '<PAD>', '<PAD>', '<PAD>', '<PAD>', '<PAD>', '<PAD>', '<PAD>', '<PAD>', '<PAD>']","['<SOS>', 'master', 'hot', 'sauce', 'recipe', '<EOS>', '<PAD>', '<PAD>', '<PAD>', '<PAD>', '<PAD>', '<PAD>', '<PAD>', '<PAD>', '<PAD>', '<PAD>', '<PAD>']"
1,resnet50,train,3,"['<SOS>', 'meyer', 'lemon', '<EOS>', '<EOS>', '<PAD>', '<PAD>', '<PAD>', '<PAD>', '<PAD>', '<PAD>', '<PAD>', '<PAD>', '<PAD>', '<PAD>', '<PAD>', '<PAD>']","['<SOS>', 'meyer', 'lemon', 'semifreddo', 'summer', 'berry', '<EOS>', '<PAD>', '<PAD>', '<PAD>', '<PAD>', '<PAD>', '<PAD>', '<PAD>', '<PAD>', '<PAD>', '<PAD>']"
1,resnet50,train,3,"['<SOS>', 'potato', 'salad', '<EOS>', '<EOS>', '<PAD>', '<PAD>', '<PAD>', '<PAD>', '<PAD>', '<PAD>', '<PAD>', '<PAD>', '<PAD>', '<PAD>', '<PAD>', '<PAD>']","['<SOS>', 'potato', 'parsnip', 'latke', 'savory', 'applesauce', '<EOS>', '<PAD>', '<PAD>', '<PAD>', '<PAD>', '<PAD>', '<PAD>', '<PAD>', '<PAD>', '<PAD>', '<PAD>']"
1,resnet50,train,3,"['<SOS>', 'shaved', 'braised', 'chicken', '<EOS>', '<EOS>', '<PAD>', '<PAD>', '<PAD>', '<PAD>', '<PAD>', '<PAD>', '<PAD>', '<PAD>', '<PAD>', '<PAD>', '<PAD>']","['<SOS>', 'shaved', 'carrot', 'charred', 'date', '<EOS>', '<PAD>', '<PAD>', '<PAD>', '<PAD>', '<PAD>', '<PAD>', '<PAD>', '<PAD>', '<PAD>', '<PAD>', '<PAD>']"
1,resnet50,train,3,"['<SOS>', 'strawberry', 'shortcake', '<EOS>', '<EOS>', '<PAD>', '<PAD>', '<PAD>', '<PAD>', '<PAD>', '<PAD>', '<PAD>', '<PAD>', '<PAD>', '<PAD>', '<PAD>', '<PAD>']","['<SOS>', 'strawberry', 'mascarpone', 'tart', 'port', 'glaze', '<EOS>', '<PAD>', '<PAD>', '<PAD>', '<PAD>', '<PAD>', '<PAD>', '<PAD>', '<PAD>', '<PAD>', '<PAD>']"
1,resnet50,val,3,"['<SOS>', 'french', 'apple', '<EOS>', '<EOS>', '<PAD>', '<PAD>', '<PAD>', '<PAD>', '<PAD>', '<PAD>', '<PAD>', '<PAD>', '<PAD>', '<PAD>', '<PAD>', '<PAD>']","['<SOS>', 'port', 'roasted', 'chestnut', 'grape', '<EOS>', '<PAD>', '<PAD>', '<PAD>', '<PAD>', '<PAD>', '<PAD>', '<PAD>', '<PAD>', '<PAD>', '<PAD>', '<PAD>']"
1,resnet50,val,3,"['<SOS>', 'french', 'apple', '<EOS>', '<EOS>', '<PAD>', '<PAD>', '<PAD>', '<PAD>', '<PAD>', '<PAD>', '<PAD>', '<PAD>', '<PAD>', '<PAD>', '<PAD>', '<PAD>']","['<SOS>', 'roasted', 'red', 'pepper', 'feta', 'dip', '<EOS>', '<PAD>', '<PAD>', '<PAD>', '<PAD>', '<PAD>', '<PAD>', '<PAD>', '<PAD>', '<PAD>', '<PAD>']"
1,resnet50,val,3,"['<SOS>', 'asparagus', 'asparagus', 'salad', 'salad', '<PAD>', '<PAD>', '<PAD>', '<PAD>', '<PAD>', '<PAD>', '<PAD>', '<PAD>', '<PAD>', '<PAD>', '<PAD>', '<PAD>']","['<SOS>', 'green', 'vegetable', 'salad', '<EOS>', '<PAD>', '<PAD>', '<PAD>', '<PAD>', '<PAD>', '<PAD>', '<PAD>', '<PAD>', '<PAD>', '<PAD>', '<PAD>', '<PAD>']"
1,resnet50,train,4,"['<SOS>', 'honey', 'honey', 'pie', '<EOS>', '<PAD>', '<PAD>', '<PAD>', '<PAD>', '<PAD>', '<PAD>', '<PAD>', '<PAD>', '<PAD>', '<PAD>', '<PAD>', '<PAD>']","['<SOS>', 'honey', 'date', 'pecan', 'tart', '<EOS>', '<PAD>', '<PAD>', '<PAD>', '<PAD>', '<PAD>', '<PAD>', '<PAD>', '<PAD>', '<PAD>', '<PAD>', '<PAD>']"
1,resnet50,train,4,"['<SOS>', 'golden', 'potato', '<EOS>', '<EOS>', '<PAD>', '<PAD>', '<PAD>', '<PAD>', '<PAD>', '<PAD>', '<PAD>', '<PAD>', '<PAD>', '<PAD>', '<PAD>', '<PAD>']","['<SOS>', 'golden', 'potato', 'caper', 'brown', 'butter', 'crumb', '<EOS>', '<PAD>', '<PAD>', '<PAD>', '<PAD>', '<PAD>', '<PAD>', '<PAD>', '<PAD>', '<PAD>']"
1,resnet50,train,4,"['<SOS>', 'd', 'i', '<EOS>', '<EOS>', '<PAD>', '<PAD>', '<PAD>', '<PAD>', '<PAD>', '<PAD>', '<PAD>', '<PAD>', '<PAD>', '<PAD>', '<PAD>', '<PAD>']","['<SOS>', 'd', 'i', 'y', 'apple', 'mille', 'feuille', '<EOS>', '<PAD>', '<PAD>', '<PAD>', '<PAD>', '<PAD>', '<PAD>', '<PAD>', '<PAD>', '<PAD>']"
1,resnet50,train,4,"['<SOS>', 'woodland', 's', '<EOS>', '<EOS>', '<PAD>', '<PAD>', '<PAD>', '<PAD>', '<PAD>', '<PAD>', '<PAD>', '<PAD>', '<PAD>', '<PAD>', '<PAD>', '<PAD>']","['<SOS>', 'pimento', 'corn', 'muffin', '<EOS>', '<PAD>', '<PAD>', '<PAD>', '<PAD>', '<PAD>', '<PAD>', '<PAD>', '<PAD>', '<PAD>', '<PAD>', '<PAD>', '<PAD>']"
1,resnet50,train,4,"['<SOS>', 'black', 'cod', '<EOS>', '<EOS>', '<PAD>', '<PAD>', '<PAD>', '<PAD>', '<PAD>', '<PAD>', '<PAD>', '<PAD>', '<PAD>', '<PAD>', '<PAD>', '<PAD>']","['<SOS>', 'black', 'currant', 'diablo', '<EOS>', '<PAD>', '<PAD>', '<PAD>', '<PAD>', '<PAD>', '<PAD>', '<PAD>', '<PAD>', '<PAD>', '<PAD>', '<PAD>', '<PAD>']"
1,resnet50,train,4,"['<SOS>', 'sautéed', 'collard', 'green', '<EOS>', '<PAD>', '<PAD>', '<PAD>', '<PAD>', '<PAD>', '<PAD>', '<PAD>', '<PAD>', '<PAD>', '<PAD>', '<PAD>', '<PAD>']","['<SOS>', 'sautéed', 'spicy', 'dandelion', 'green', 'onion', '<EOS>', '<PAD>', '<PAD>', '<PAD>', '<PAD>', '<PAD>', '<PAD>', '<PAD>', '<PAD>', '<PAD>', '<PAD>']"
1,resnet50,train,4,"['<SOS>', 'cheddar', 'pork', '<EOS>', '<EOS>', '<PAD>', '<PAD>', '<PAD>', '<PAD>', '<PAD>', '<PAD>', '<PAD>', '<PAD>', '<PAD>', '<PAD>', '<PAD>', '<PAD>']","['<SOS>', 'cheddar', 'crisp', 'roasted', 'grape', 'relish', '<EOS>', '<PAD>', '<PAD>', '<PAD>', '<PAD>', '<PAD>', '<PAD>', '<PAD>', '<PAD>', '<PAD>', '<PAD>']"
1,resnet50,train,4,"['<SOS>', 'butternut', 'squash', 'tomato', '<EOS>', '<EOS>', '<PAD>', '<PAD>', '<PAD>', '<PAD>', '<PAD>', '<PAD>', '<PAD>', '<PAD>', '<PAD>', '<PAD>', '<PAD>']","['<SOS>', 'butternut', 'squash', 'spinach', 'goat', 'cheese', 'pizza', '<EOS>', '<PAD>', '<PAD>', '<PAD>', '<PAD>', '<PAD>', '<PAD>', '<PAD>', '<PAD>', '<PAD>']"
1,resnet50,val,4,"['<SOS>', 'onion', 'onion', '<EOS>', '<EOS>', '<PAD>', '<PAD>', '<PAD>', '<PAD>', '<PAD>', '<PAD>', '<PAD>', '<PAD>', '<PAD>', '<PAD>', '<PAD>', '<PAD>']","['<SOS>', 'port', 'roasted', 'chestnut', 'grape', '<EOS>', '<PAD>', '<PAD>', '<PAD>', '<PAD>', '<PAD>', '<PAD>', '<PAD>', '<PAD>', '<PAD>', '<PAD>', '<PAD>']"
1,resnet50,val,4,"['<SOS>', 'onion', 'pie', '<EOS>', '<PAD>', '<PAD>', '<PAD>', '<PAD>', '<PAD>', '<PAD>', '<PAD>', '<PAD>', '<PAD>', '<PAD>', '<PAD>', '<PAD>', '<PAD>']","['<SOS>', 'roasted', 'red', 'pepper', 'feta', 'dip', '<EOS>', '<PAD>', '<PAD>', '<PAD>', '<PAD>', '<PAD>', '<PAD>', '<PAD>', '<PAD>', '<PAD>', '<PAD>']"
1,resnet50,val,4,"['<SOS>', 'salad', 'salad', '<EOS>', '<EOS>', '<PAD>', '<PAD>', '<PAD>', '<PAD>', '<PAD>', '<PAD>', '<PAD>', '<PAD>', '<PAD>', '<PAD>', '<PAD>', '<PAD>']","['<SOS>', 'green', 'vegetable', 'salad', '<EOS>', '<PAD>', '<PAD>', '<PAD>', '<PAD>', '<PAD>', '<PAD>', '<PAD>', '<PAD>', '<PAD>', '<PAD>', '<PAD>', '<PAD>']"
1,resnet50,train,5,"['<SOS>', 'spicy', 'chicken', 'burger', 'burger', '<EOS>', '<EOS>', '<PAD>', '<PAD>', '<PAD>', '<PAD>', '<PAD>', '<PAD>', '<PAD>', '<PAD>', '<PAD>', '<PAD>']","['<SOS>', 'spicy', 'chicken', 'burger', '<EOS>', '<PAD>', '<PAD>', '<PAD>', '<PAD>', '<PAD>', '<PAD>', '<PAD>', '<PAD>', '<PAD>', '<PAD>', '<PAD>', '<PAD>']"
1,resnet50,train,5,"['<SOS>', 'eggplant', 'mushroom', '<EOS>', '<EOS>', '<EOS>', '<PAD>', '<PAD>', '<PAD>', '<PAD>', '<PAD>', '<PAD>', '<PAD>', '<PAD>', '<PAD>', '<PAD>', '<PAD>']","['<SOS>', 'eggplant', 'cannelloni', '<EOS>', '<PAD>', '<PAD>', '<PAD>', '<PAD>', '<PAD>', '<PAD>', '<PAD>', '<PAD>', '<PAD>', '<PAD>', '<PAD>', '<PAD>', '<PAD>']"
1,resnet50,train,5,"['<SOS>', 'peach', 'blackberry', '<EOS>', '<EOS>', '<PAD>', '<PAD>', '<PAD>', '<PAD>', '<PAD>', '<PAD>', '<PAD>', '<PAD>', '<PAD>', '<PAD>', '<PAD>', '<PAD>']","['<SOS>', 'peach', 'blackberry', 'shortcake', 'blackberry', 'cream', '<EOS>', '<PAD>', '<PAD>', '<PAD>', '<PAD>', '<PAD>', '<PAD>', '<PAD>', '<PAD>', '<PAD>', '<PAD>']"
1,resnet50,train,5,"['<SOS>', 'queso', 'fundido', '<EOS>', '<EOS>', '<PAD>', '<PAD>', '<PAD>', '<PAD>', '<PAD>', '<PAD>', '<PAD>', '<PAD>', '<PAD>', '<PAD>', '<PAD>', '<PAD>']","['<SOS>', 'queso', 'fundido', '<EOS>', '<PAD>', '<PAD>', '<PAD>', '<PAD>', '<PAD>', '<PAD>', '<PAD>', '<PAD>', '<PAD>', '<PAD>', '<PAD>', '<PAD>', '<PAD>']"
1,resnet50,train,5,"['<SOS>', 'berry', 'berry', '<EOS>', '<EOS>', '<PAD>', '<PAD>', '<PAD>', '<PAD>', '<PAD>', '<PAD>', '<PAD>', '<PAD>', '<PAD>', '<PAD>', '<PAD>', '<PAD>']","['<SOS>', 'berry', 'ricotta', 'slice', '<EOS>', '<PAD>', '<PAD>', '<PAD>', '<PAD>', '<PAD>', '<PAD>', '<PAD>', '<PAD>', '<PAD>', '<PAD>', '<PAD>', '<PAD>']"
1,resnet50,train,5,"['<SOS>', 'pineapple', 'pie', '<EOS>', '<EOS>', '<PAD>', '<PAD>', '<PAD>', '<PAD>', '<PAD>', '<PAD>', '<PAD>', '<PAD>', '<PAD>', '<PAD>', '<PAD>', '<PAD>']","['<SOS>', 'pineapple', 'galette', '<EOS>', '<PAD>', '<PAD>', '<PAD>', '<PAD>', '<PAD>', '<PAD>', '<PAD>', '<PAD>', '<PAD>', '<PAD>', '<PAD>', '<PAD>', '<PAD>']"
1,resnet50,train,5,"['<SOS>', 'high', 'cake', 'cake', '<EOS>', '<EOS>', '<PAD>', '<PAD>', '<PAD>', '<PAD>', '<PAD>', '<PAD>', '<PAD>', '<PAD>', '<PAD>', '<PAD>', '<PAD>']","['<SOS>', 'samoa', 'girl', 'scout', 'cookie', 'ice', 'cream', 'cake', '<EOS>', '<PAD>', '<PAD>', '<PAD>', '<PAD>', '<PAD>', '<PAD>', '<PAD>', '<PAD>']"
1,resnet50,train,5,"['<SOS>', 'creamy', 'rice', '<EOS>', '<EOS>', '<PAD>', '<PAD>', '<PAD>', '<PAD>', '<PAD>', '<PAD>', '<PAD>', '<PAD>', '<PAD>', '<PAD>', '<PAD>', '<PAD>']","['<SOS>', 'creamy', 'avocado', 'pesto', '<EOS>', '<PAD>', '<PAD>', '<PAD>', '<PAD>', '<PAD>', '<PAD>', '<PAD>', '<PAD>', '<PAD>', '<PAD>', '<PAD>', '<PAD>']"
1,resnet50,val,5,"['<SOS>', 'french', 'chocolate', 'cake', 'cream', '<EOS>', '<PAD>', '<PAD>', '<PAD>', '<PAD>', '<PAD>', '<PAD>', '<PAD>', '<PAD>', '<PAD>', '<PAD>', '<PAD>']","['<SOS>', 'port', 'roasted', 'chestnut', 'grape', '<EOS>', '<PAD>', '<PAD>', '<PAD>', '<PAD>', '<PAD>', '<PAD>', '<PAD>', '<PAD>', '<PAD>', '<PAD>', '<PAD>']"
1,resnet50,val,5,"['<SOS>', 'bread', 'bread', '<EOS>', '<EOS>', '<PAD>', '<PAD>', '<PAD>', '<PAD>', '<PAD>', '<PAD>', '<PAD>', '<PAD>', '<PAD>', '<PAD>', '<PAD>', '<PAD>']","['<SOS>', 'roasted', 'red', 'pepper', 'feta', 'dip', '<EOS>', '<PAD>', '<PAD>', '<PAD>', '<PAD>', '<PAD>', '<PAD>', '<PAD>', '<PAD>', '<PAD>', '<PAD>']"
1,resnet50,val,5,"['<SOS>', 'salad', 'salad', '<EOS>', '<EOS>', '<PAD>', '<PAD>', '<PAD>', '<PAD>', '<PAD>', '<PAD>', '<PAD>', '<PAD>', '<PAD>', '<PAD>', '<PAD>', '<PAD>']","['<SOS>', 'green', 'vegetable', 'salad', '<EOS>', '<PAD>', '<PAD>', '<PAD>', '<PAD>', '<PAD>', '<PAD>', '<PAD>', '<PAD>', '<PAD>', '<PAD>', '<PAD>', '<PAD>']"
1,resnet50,train,6,"['<SOS>', 'sesame', 'seed', '<EOS>', '<EOS>', '<PAD>', '<PAD>', '<PAD>', '<PAD>', '<PAD>', '<PAD>', '<PAD>', '<PAD>', '<PAD>', '<PAD>', '<PAD>', '<PAD>']","['<SOS>', 'sesame', 'salt', '<EOS>', '<PAD>', '<PAD>', '<PAD>', '<PAD>', '<PAD>', '<PAD>', '<PAD>', '<PAD>', '<PAD>', '<PAD>', '<PAD>', '<PAD>', '<PAD>']"
1,resnet50,train,6,"['<SOS>', 'spanish', 'style', '<EOS>', '<EOS>', '<PAD>', '<PAD>', '<PAD>', '<PAD>', '<PAD>', '<PAD>', '<PAD>', '<PAD>', '<PAD>', '<PAD>', '<PAD>', '<PAD>']","['<SOS>', 'spanish', 'tortilla', '<EOS>', '<PAD>', '<PAD>', '<PAD>', '<PAD>', '<PAD>', '<PAD>', '<PAD>', '<PAD>', '<PAD>', '<PAD>', '<PAD>', '<PAD>', '<PAD>']"
1,resnet50,train,6,"['<SOS>', 'chickpea', 'meatball', '<EOS>', '<EOS>', '<PAD>', '<PAD>', '<PAD>', '<PAD>', '<PAD>', '<PAD>', '<PAD>', '<PAD>', '<PAD>', '<PAD>', '<PAD>', '<PAD>']","['<SOS>', 'chickpea', 'pizza', '<EOS>', '<PAD>', '<PAD>', '<PAD>', '<PAD>', '<PAD>', '<PAD>', '<PAD>', '<PAD>', '<PAD>', '<PAD>', '<PAD>', '<PAD>', '<PAD>']"
1,resnet50,train,6,"['<SOS>', 'tilapia', 'style', 'chicken', '<EOS>', '<EOS>', '<PAD>', '<PAD>', '<PAD>', '<PAD>', '<PAD>', '<PAD>', '<PAD>', '<PAD>', '<PAD>', '<PAD>', '<PAD>']","['<SOS>', 'tilapia', 'balsamic', 'butter', 'sauce', 'thyme', 'mashed', 'potato', 'sugar', 'snap', 'pea', '<EOS>', '<PAD>', '<PAD>', '<PAD>', '<PAD>', '<PAD>']"
1,resnet50,train,6,"['<SOS>', 'country', 'pâté', 'pâté', '<EOS>', '<EOS>', '<PAD>', '<PAD>', '<PAD>', '<PAD>', '<PAD>', '<PAD>', '<PAD>', '<PAD>', '<PAD>', '<PAD>', '<PAD>']","['<SOS>', 'country', 'pâté', 'pâté', 'de', 'campagne', '<EOS>', '<PAD>', '<PAD>', '<PAD>', '<PAD>', '<PAD>', '<PAD>', '<PAD>', '<PAD>', '<PAD>', '<PAD>']"
1,resnet50,train,6,"['<SOS>', 'clam', 'tomato', '<EOS>', '<EOS>', '<PAD>', '<PAD>', '<PAD>', '<PAD>', '<PAD>', '<PAD>', '<PAD>', '<PAD>', '<PAD>', '<PAD>', '<PAD>', '<PAD>']","['<SOS>', 'clam', 'arrabbiata', '<EOS>', '<PAD>', '<PAD>', '<PAD>', '<PAD>', '<PAD>', '<PAD>', '<PAD>', '<PAD>', '<PAD>', '<PAD>', '<PAD>', '<PAD>', '<PAD>']"
1,resnet50,train,6,"['<SOS>', 'napa', 'valley', '<EOS>', '<EOS>', '<PAD>', '<PAD>', '<PAD>', '<PAD>', '<PAD>', '<PAD>', '<PAD>', '<PAD>', '<PAD>', '<PAD>', '<PAD>', '<PAD>']","['<SOS>', 'napa', 'cabbage', 'salad', 'buttermilk', 'dressing', '<EOS>', '<PAD>', '<PAD>', '<PAD>', '<PAD>', '<PAD>', '<PAD>', '<PAD>', '<PAD>', '<PAD>', '<PAD>']"
1,resnet50,train,6,"['<SOS>', 'fast', 'salad', 'salad', '<EOS>', '<PAD>', '<PAD>', '<PAD>', '<PAD>', '<PAD>', '<PAD>', '<PAD>', '<PAD>', '<PAD>', '<PAD>', '<PAD>', '<PAD>']","['<SOS>', 'fast', 'favorite', 'garlic', 'dill', 'pickle', '<EOS>', '<PAD>', '<PAD>', '<PAD>', '<PAD>', '<PAD>', '<PAD>', '<PAD>', '<PAD>', '<PAD>', '<PAD>']"
1,resnet50,val,6,"['<SOS>', 'bread', '<EOS>', '<EOS>', '<PAD>', '<PAD>', '<PAD>', '<PAD>', '<PAD>', '<PAD>', '<PAD>', '<PAD>', '<PAD>', '<PAD>', '<PAD>', '<PAD>', '<PAD>']","['<SOS>', 'port', 'roasted', 'chestnut', 'grape', '<EOS>', '<PAD>', '<PAD>', '<PAD>', '<PAD>', '<PAD>', '<PAD>', '<PAD>', '<PAD>', '<PAD>', '<PAD>', '<PAD>']"
1,resnet50,val,6,"['<SOS>', 'bread', 'bread', '<EOS>', '<EOS>', '<PAD>', '<PAD>', '<PAD>', '<PAD>', '<PAD>', '<PAD>', '<PAD>', '<PAD>', '<PAD>', '<PAD>', '<PAD>', '<PAD>']","['<SOS>', 'roasted', 'red', 'pepper', 'feta', 'dip', '<EOS>', '<PAD>', '<PAD>', '<PAD>', '<PAD>', '<PAD>', '<PAD>', '<PAD>', '<PAD>', '<PAD>', '<PAD>']"
1,resnet50,val,6,"['<SOS>', 'onion', 'salad', 'salad', 'salad', '<EOS>', '<PAD>', '<PAD>', '<PAD>', '<PAD>', '<PAD>', '<PAD>', '<PAD>', '<PAD>', '<PAD>', '<PAD>', '<PAD>']","['<SOS>', 'green', 'vegetable', 'salad', '<EOS>', '<PAD>', '<PAD>', '<PAD>', '<PAD>', '<PAD>', '<PAD>', '<PAD>', '<PAD>', '<PAD>', '<PAD>', '<PAD>', '<PAD>']"
1,resnet50,train,7,"['<SOS>', 'fruity', 'berry', '<EOS>', '<EOS>', '<PAD>', '<PAD>', '<PAD>', '<PAD>', '<PAD>', '<PAD>', '<PAD>', '<PAD>', '<PAD>', '<PAD>', '<PAD>', '<PAD>']","['<SOS>', 'fruity', 'lemonade', 'ice', 'pop', '<EOS>', '<PAD>', '<PAD>', '<PAD>', '<PAD>', '<PAD>', '<PAD>', '<PAD>', '<PAD>', '<PAD>', '<PAD>', '<PAD>']"
1,resnet50,train,7,"['<SOS>', 'salmon', 'salad', '<EOS>', '<EOS>', '<EOS>', '<PAD>', '<PAD>', '<PAD>', '<PAD>', '<PAD>', '<PAD>', '<PAD>', '<PAD>', '<PAD>', '<PAD>', '<PAD>']","['<SOS>', 'salmon', 'pea', 'pea', 'tendril', 'dill', 'cucumber', 'sauce', '<EOS>', '<PAD>', '<PAD>', '<PAD>', '<PAD>', '<PAD>', '<PAD>', '<PAD>', '<PAD>']"
1,resnet50,train,7,"['<SOS>', 'asian', 'noodle', 'salad', 'salad', '<EOS>', '<PAD>', '<PAD>', '<PAD>', '<PAD>', '<PAD>', '<PAD>', '<PAD>', '<PAD>', '<PAD>', '<PAD>', '<PAD>']","['<SOS>', 'asian', 'pear', 'grapefruit', 'salad', 'sake', 'granita', 'pear', 'sorbet', '<EOS>', '<PAD>', '<PAD>', '<PAD>', '<PAD>', '<PAD>', '<PAD>', '<PAD>']"
1,resnet50,train,7,"['<SOS>', 'leg', 'mushroom', '<EOS>', '<EOS>', '<PAD>', '<PAD>', '<PAD>', '<PAD>', '<PAD>', '<PAD>', '<PAD>', '<PAD>', '<PAD>', '<PAD>', '<PAD>', '<PAD>']","['<SOS>', 'leg', 'lamb', 'black', 'tan', '<EOS>', '<PAD>', '<PAD>', '<PAD>', '<PAD>', '<PAD>', '<PAD>', '<PAD>', '<PAD>', '<PAD>', '<PAD>', '<PAD>']"
1,resnet50,train,7,"['<SOS>', 'cherry', 'almond', '<EOS>', '<EOS>', '<PAD>', '<PAD>', '<PAD>', '<PAD>', '<PAD>', '<PAD>', '<PAD>', '<PAD>', '<PAD>', '<PAD>', '<PAD>', '<PAD>']","['<SOS>', 'cherry', 'smash', '<EOS>', '<PAD>', '<PAD>', '<PAD>', '<PAD>', '<PAD>', '<PAD>', '<PAD>', '<PAD>', '<PAD>', '<PAD>', '<PAD>', '<PAD>', '<PAD>']"
1,resnet50,train,7,"['<SOS>', 'panfried', 'chicken', '<EOS>', '<EOS>', '<PAD>', '<PAD>', '<PAD>', '<PAD>', '<PAD>', '<PAD>', '<PAD>', '<PAD>', '<PAD>', '<PAD>', '<PAD>', '<PAD>']","['<SOS>', 'panfried', 'smashed', 'potato', '<EOS>', '<PAD>', '<PAD>', '<PAD>', '<PAD>', '<PAD>', '<PAD>', '<PAD>', '<PAD>', '<PAD>', '<PAD>', '<PAD>', '<PAD>']"
1,resnet50,train,7,"['<SOS>', 'dry', 'rub', 'rub', '<EOS>', '<PAD>', '<PAD>', '<PAD>', '<PAD>', '<PAD>', '<PAD>', '<PAD>', '<PAD>', '<PAD>', '<PAD>', '<PAD>', '<PAD>']","['<SOS>', 'dry', 'rub', '<EOS>', '<PAD>', '<PAD>', '<PAD>', '<PAD>', '<PAD>', '<PAD>', '<PAD>', '<PAD>', '<PAD>', '<PAD>', '<PAD>', '<PAD>', '<PAD>']"
1,resnet50,train,7,"['<SOS>', 'cumin', 'scented', 'chicken', '<EOS>', '<EOS>', '<EOS>', '<PAD>', '<PAD>', '<PAD>', '<PAD>', '<PAD>', '<PAD>', '<PAD>', '<PAD>', '<PAD>', '<PAD>']","['<SOS>', 'cumin', 'chile', 'lamb', 'kebab', 'garlic', 'yogurt', '<EOS>', '<PAD>', '<PAD>', '<PAD>', '<PAD>', '<PAD>', '<PAD>', '<PAD>', '<PAD>', '<PAD>']"
1,resnet50,val,7,"['<SOS>', 'onion', 'salad', 'salad', '<EOS>', '<EOS>', '<PAD>', '<PAD>', '<PAD>', '<PAD>', '<PAD>', '<PAD>', '<PAD>', '<PAD>', '<PAD>', '<PAD>', '<PAD>']","['<SOS>', 'port', 'roasted', 'chestnut', 'grape', '<EOS>', '<PAD>', '<PAD>', '<PAD>', '<PAD>', '<PAD>', '<PAD>', '<PAD>', '<PAD>', '<PAD>', '<PAD>', '<PAD>']"
1,resnet50,val,7,"['<SOS>', 'pancake', '<EOS>', '<EOS>', '<PAD>', '<PAD>', '<PAD>', '<PAD>', '<PAD>', '<PAD>', '<PAD>', '<PAD>', '<PAD>', '<PAD>', '<PAD>', '<PAD>', '<PAD>']","['<SOS>', 'roasted', 'red', 'pepper', 'feta', 'dip', '<EOS>', '<PAD>', '<PAD>', '<PAD>', '<PAD>', '<PAD>', '<PAD>', '<PAD>', '<PAD>', '<PAD>', '<PAD>']"
1,resnet50,val,7,"['<SOS>', 'salad', 'salad', 'salad', '<EOS>', '<PAD>', '<PAD>', '<PAD>', '<PAD>', '<PAD>', '<PAD>', '<PAD>', '<PAD>', '<PAD>', '<PAD>', '<PAD>', '<PAD>']","['<SOS>', 'green', 'vegetable', 'salad', '<EOS>', '<PAD>', '<PAD>', '<PAD>', '<PAD>', '<PAD>', '<PAD>', '<PAD>', '<PAD>', '<PAD>', '<PAD>', '<PAD>', '<PAD>']"
1,resnet50,train,8,"['<SOS>', 'brown', 'butter', 'chicken', '<EOS>', '<EOS>', '<PAD>', '<PAD>', '<PAD>', '<PAD>', '<PAD>', '<PAD>', '<PAD>', '<PAD>', '<PAD>', '<PAD>', '<PAD>']","['<SOS>', 'brown', 'sugar', 'bbq', 'pork', 'butt', '<EOS>', '<PAD>', '<PAD>', '<PAD>', '<PAD>', '<PAD>', '<PAD>', '<PAD>', '<PAD>', '<PAD>', '<PAD>']"
1,resnet50,train,8,"['<SOS>', 'chocolate', 'raspberry', '<EOS>', '<EOS>', '<PAD>', '<PAD>', '<PAD>', '<PAD>', '<PAD>', '<PAD>', '<PAD>', '<PAD>', '<PAD>', '<PAD>', '<PAD>', '<PAD>']","['<SOS>', 'chocolate', 'hazelnut', 'cooky', '<EOS>', '<PAD>', '<PAD>', '<PAD>', '<PAD>', '<PAD>', '<PAD>', '<PAD>', '<PAD>', '<PAD>', '<PAD>', '<PAD>', '<PAD>']"
1,resnet50,train,8,"['<SOS>', 'chicken', 'brick', '<EOS>', '<EOS>', '<PAD>', '<PAD>', '<PAD>', '<PAD>', '<PAD>', '<PAD>', '<PAD>', '<PAD>', '<PAD>', '<PAD>', '<PAD>', '<PAD>']","['<SOS>', 'chicken', 'parmesan', '<EOS>', '<PAD>', '<PAD>', '<PAD>', '<PAD>', '<PAD>', '<PAD>', '<PAD>', '<PAD>', '<PAD>', '<PAD>', '<PAD>', '<PAD>', '<PAD>']"
1,resnet50,train,8,"['<SOS>', 'bacon', 'wrapped', 'stuffing', '<EOS>', '<EOS>', '<PAD>', '<PAD>', '<PAD>', '<PAD>', '<PAD>', '<PAD>', '<PAD>', '<PAD>', '<PAD>', '<PAD>', '<PAD>']","['<SOS>', 'bacon', 'molasses', 'breakfast', 'sausage', '<EOS>', '<PAD>', '<PAD>', '<PAD>', '<PAD>', '<PAD>', '<PAD>', '<PAD>', '<PAD>', '<PAD>', '<PAD>', '<PAD>']"
1,resnet50,train,8,"['<SOS>', 'wok', 'chicken', 'rice', '<EOS>', '<EOS>', '<PAD>', '<PAD>', '<PAD>', '<PAD>', '<PAD>', '<PAD>', '<PAD>', '<PAD>', '<PAD>', '<PAD>', '<PAD>']","['<SOS>', 'wok', 'fried', 'rice', 'noodle', 'chicken', 'squid', '<EOS>', '<PAD>', '<PAD>', '<PAD>', '<PAD>', '<PAD>', '<PAD>', '<PAD>', '<PAD>', '<PAD>']"
1,resnet50,train,8,"['<SOS>', 'ratatouille', '<EOS>', '<PAD>', '<PAD>', '<PAD>', '<PAD>', '<PAD>', '<PAD>', '<PAD>', '<PAD>', '<PAD>', '<PAD>', '<PAD>', '<PAD>', '<PAD>', '<PAD>']","['<SOS>', 'ratatouille', 'parcel', '<EOS>', '<PAD>', '<PAD>', '<PAD>', '<PAD>', '<PAD>', '<PAD>', '<PAD>', '<PAD>', '<PAD>', '<PAD>', '<PAD>', '<PAD>', '<PAD>']"
1,resnet50,train,8,"['<SOS>', 'napa', 'valley', '<EOS>', '<EOS>', '<PAD>', '<PAD>', '<PAD>', '<PAD>', '<PAD>', '<PAD>', '<PAD>', '<PAD>', '<PAD>', '<PAD>', '<PAD>', '<PAD>']","['<SOS>', 'napa', 'valley', 'winter', 'punch', '<EOS>', '<PAD>', '<PAD>', '<PAD>', '<PAD>', '<PAD>', '<PAD>', '<PAD>', '<PAD>', '<PAD>', '<PAD>', '<PAD>']"
1,resnet50,train,8,"['<SOS>', 'blackberry', 'financier', '<EOS>', '<EOS>', '<PAD>', '<PAD>', '<PAD>', '<PAD>', '<PAD>', '<PAD>', '<PAD>', '<PAD>', '<PAD>', '<PAD>', '<PAD>', '<PAD>']","['<SOS>', 'blackberry', 'lemon', 'thyme', 'muffin', '<EOS>', '<PAD>', '<PAD>', '<PAD>', '<PAD>', '<PAD>', '<PAD>', '<PAD>', '<PAD>', '<PAD>', '<PAD>', '<PAD>']"
1,resnet50,val,8,"['<SOS>', 'onion', 'thyme', 'thyme', 'thyme', '<EOS>', '<PAD>', '<PAD>', '<PAD>', '<PAD>', '<PAD>', '<PAD>', '<PAD>', '<PAD>', '<PAD>', '<PAD>', '<PAD>']","['<SOS>', 'port', 'roasted', 'chestnut', 'grape', '<EOS>', '<PAD>', '<PAD>', '<PAD>', '<PAD>', '<PAD>', '<PAD>', '<PAD>', '<PAD>', '<PAD>', '<PAD>', '<PAD>']"
1,resnet50,val,8,"['<SOS>', 'bread', 'bread', 'bread', '<EOS>', '<PAD>', '<PAD>', '<PAD>', '<PAD>', '<PAD>', '<PAD>', '<PAD>', '<PAD>', '<PAD>', '<PAD>', '<PAD>', '<PAD>']","['<SOS>', 'roasted', 'red', 'pepper', 'feta', 'dip', '<EOS>', '<PAD>', '<PAD>', '<PAD>', '<PAD>', '<PAD>', '<PAD>', '<PAD>', '<PAD>', '<PAD>', '<PAD>']"
1,resnet50,val,8,"['<SOS>', 'salad', 'salad', 'salad', '<EOS>', '<EOS>', '<PAD>', '<PAD>', '<PAD>', '<PAD>', '<PAD>', '<PAD>', '<PAD>', '<PAD>', '<PAD>', '<PAD>', '<PAD>']","['<SOS>', 'green', 'vegetable', 'salad', '<EOS>', '<PAD>', '<PAD>', '<PAD>', '<PAD>', '<PAD>', '<PAD>', '<PAD>', '<PAD>', '<PAD>', '<PAD>', '<PAD>', '<PAD>']"
