Config,Model,Type,Epoch,Predicted,GT
1,resnet50,train,1,"['<SOS>', '3', '<EOS>', '<EOS>', '<PAD>', '<PAD>', '<PAD>', '<EOS>', '<PAD>', '<PAD>', '<PAD>']","['<SOS>', '3', 'ingredient', 'sausage', 'dinner', 'lentil', 'fennel', '<EOS>', '<PAD>', '<PAD>', '<PAD>']"
1,resnet50,train,1,"['<SOS>', '<SOS>', '<EOS>', '<EOS>', '<PAD>', '<PAD>', '<PAD>', '<PAD>', '<EOS>', '<PAD>', '<PAD>']","['<SOS>', '3', 'ingredient', 'ginger', 'peach', 'ice', 'cream', 'float', '<EOS>', '<PAD>', '<PAD>']"
1,resnet50,train,1,"['<SOS>', '<EOS>', '<EOS>', '<EOS>', '<PAD>', '<PAD>', '<PAD>', '<PAD>', '<PAD>', '<PAD>', '<PAD>']","['<SOS>', 'algerian', 'flatbread', '<EOS>', '<PAD>', '<PAD>', '<PAD>', '<PAD>', '<PAD>', '<PAD>', '<PAD>']"
1,resnet50,train,1,"['<SOS>', '3', '<EOS>', '<EOS>', '<EOS>', '<PAD>', '<PAD>', '<EOS>', '<PAD>', '<PAD>', '<PAD>']","['<SOS>', '3', 'ingredient', 'curry', 'grilled', 'chicken', 'wing', '<EOS>', '<PAD>', '<PAD>', '<PAD>']"
1,resnet50,train,1,"['<SOS>', '<SOS>', '<EOS>', '<EOS>', '<EOS>', '<PAD>', '<PAD>', '<PAD>', '<PAD>', '<EOS>', '<PAD>']","['<SOS>', 'apple', 'calvados', 'tart', 'galette', 'de', 'pommes', 'au', 'calvados', '<EOS>', '<PAD>']"
1,resnet50,train,1,"['<SOS>', '<SOS>', 'almond', '<EOS>', '<PAD>', '<PAD>', '<PAD>', '<PAD>', '<PAD>', '<PAD>', '<PAD>']","['<SOS>', 'ally', 'cocktail', '<EOS>', '<PAD>', '<PAD>', '<PAD>', '<PAD>', '<PAD>', '<PAD>', '<PAD>']"
1,resnet50,train,1,"['<SOS>', '<SOS>', '<EOS>', '<EOS>', '<EOS>', '<EOS>', '<EOS>', '<PAD>', '<PAD>', '<PAD>', '<PAD>']","['<SOS>', 'acinus', 'de', 'pepe', 'spinach', 'feta', '<EOS>', '<PAD>', '<PAD>', '<PAD>', '<PAD>']"
1,resnet50,train,1,"['<SOS>', '<SOS>', '<SOS>', '<EOS>', '<PAD>', '<PAD>', '<PAD>', '<PAD>', '<PAD>', '<PAD>', '<PAD>']","['<SOS>', 'angel', 'biscuit', '<EOS>', '<PAD>', '<PAD>', '<PAD>', '<PAD>', '<PAD>', '<PAD>', '<PAD>']"
1,resnet50,train,1,"['<SOS>', '<SOS>', '<EOS>', '<EOS>', '<EOS>', '<EOS>', '<PAD>', '<PAD>', '<PAD>', '<PAD>', '<PAD>']","['<SOS>', 'ackee', 'taco', 'island', 'guacamole', '<EOS>', '<PAD>', '<PAD>', '<PAD>', '<PAD>', '<PAD>']"
1,resnet50,train,1,"['<SOS>', '<SOS>', '<SOS>', '<EOS>', '<EOS>', '<PAD>', '<PAD>', '<PAD>', '<PAD>', '<PAD>', '<PAD>']","['<SOS>', 'almond', 'butter', 'cooky', '<EOS>', '<PAD>', '<PAD>', '<PAD>', '<PAD>', '<PAD>', '<PAD>']"
1,resnet50,train,1,"['<SOS>', '<SOS>', '<EOS>', '<EOS>', '<EOS>', '<PAD>', '<PAD>', '<PAD>', '<PAD>', '<PAD>', '<PAD>']","['<SOS>', 'almond', 'thumbprint', 'cooky', '<EOS>', '<PAD>', '<PAD>', '<PAD>', '<PAD>', '<PAD>', '<PAD>']"
1,resnet50,train,1,"['<SOS>', '<SOS>', '<EOS>', '<EOS>', '<PAD>', '<PAD>', '<PAD>', '<PAD>', '<PAD>', '<PAD>', '<PAD>']","['<SOS>', 'almond', 'flan', '<EOS>', '<PAD>', '<PAD>', '<PAD>', '<PAD>', '<PAD>', '<PAD>', '<PAD>']"
1,resnet50,train,1,"['<SOS>', '<SOS>', '<EOS>', '<EOS>', '<EOS>', '<EOS>', '<PAD>', '<PAD>', '<PAD>', '<PAD>', '<PAD>']","['<SOS>', 'anchovy', 'pasta', 'garlic', 'breadcrumb', '<EOS>', '<PAD>', '<PAD>', '<PAD>', '<PAD>', '<PAD>']"
1,resnet50,val,1,"['<SOS>', '<SOS>', '<SOS>', '<EOS>', '<EOS>', '<EOS>', '<EOS>', '<EOS>', '<EOS>', '<EOS>', '<EOS>']","['<SOS>', '3', 'ingredient', 'charred', 'green', 'bean', 'ricotta', 'lemon', '<EOS>', '<PAD>', '<PAD>']"
1,resnet50,val,1,"['<SOS>', '<SOS>', '<SOS>', '<SOS>', '<SOS>', '<SOS>', 'green', '<EOS>', '<EOS>', '<EOS>', '<EOS>']","['<SOS>', 'almond', 'horchata', '<EOS>', '<PAD>', '<PAD>', '<PAD>', '<PAD>', '<PAD>', '<PAD>', '<PAD>']"
1,resnet50,val,1,"['<SOS>', '<SOS>', '<SOS>', '<SOS>', '<SOS>', '<EOS>', '<EOS>', '<EOS>', '<EOS>', '<EOS>', '<EOS>']","['<SOS>', 'almond', 'apricot', 'chicken', 'mint', 'pesto', '<EOS>', '<PAD>', '<PAD>', '<PAD>', '<PAD>']"
1,resnet50,val,1,"['<SOS>', '<SOS>', '<SOS>', '<SOS>', '<EOS>', '<EOS>', '<EOS>', '<EOS>', '<EOS>', '<EOS>', '<EOS>']","['<SOS>', 'anchovy', 'mayonnaise', '<EOS>', '<PAD>', '<PAD>', '<PAD>', '<PAD>', '<PAD>', '<PAD>', '<PAD>']"
1,resnet50,val,1,"['<SOS>', '<SOS>', '<SOS>', '<EOS>', '<EOS>', '<EOS>', '<EOS>', '<EOS>', '<EOS>', '<EOS>', '<EOS>']","['<SOS>', 'agave', 'margarita', '<EOS>', '<PAD>', '<PAD>', '<PAD>', '<PAD>', '<PAD>', '<PAD>', '<PAD>']"
1,resnet50,val,1,"['<SOS>', '<SOS>', '<EOS>', '<EOS>', '<EOS>', '<EOS>', '<EOS>', '<EOS>', '<EOS>', '<EOS>', '<EOS>']","['<SOS>', '10', 'minute', 'chicken', 'flatbread', 'hummus', 'yogurt', '<EOS>', '<PAD>', '<PAD>', '<PAD>']"
1,resnet50,val,1,"['<SOS>', '<SOS>', '<SOS>', '<EOS>', '<EOS>', '<EOS>', '<EOS>', '<EOS>', '<EOS>', '<EOS>', '<EOS>']","['<SOS>', 'apple', 'almond', 'turnover', '<EOS>', '<PAD>', '<PAD>', '<PAD>', '<PAD>', '<PAD>', '<PAD>']"
1,resnet50,val,1,"['<SOS>', '<SOS>', '<EOS>', '<EOS>', '<EOS>', '<EOS>', '<EOS>', '<EOS>', '<EOS>', '<EOS>', '<EOS>']","['<SOS>', 'adobo', 'chicken', 'parchment', '<EOS>', '<PAD>', '<PAD>', '<PAD>', '<PAD>', '<PAD>', '<PAD>']"
1,resnet50,val,1,"['<SOS>', '<SOS>', '<EOS>', '<EOS>', '<EOS>', '<EOS>', '<EOS>', '<EOS>', '<EOS>', '<EOS>', '<EOS>']","['<SOS>', 'alaskan', 'black', 'cod', 'hoisin', 'ginger', 'sauce', '<EOS>', '<PAD>', '<PAD>', '<PAD>']"
1,resnet50,train,2,"['<SOS>', '3', 'ingredient', 'ingredient', 'ingredient', '<EOS>', '<EOS>', '<PAD>', '<EOS>', '<PAD>', '<PAD>']","['<SOS>', '3', 'ingredient', 'creamy', 'coconut', 'lime', 'ice', 'pop', '<EOS>', '<PAD>', '<PAD>']"
1,resnet50,train,2,"['<SOS>', '<SOS>', 'ingredient', '<EOS>', '<EOS>', '<EOS>', '<EOS>', '<PAD>', '<PAD>', '<PAD>', '<PAD>']","['<SOS>', 'anne', 'whiteman', 's', 'birthday', 'kugel', '<EOS>', '<PAD>', '<PAD>', '<PAD>', '<PAD>']"
1,resnet50,train,2,"['<SOS>', '<SOS>', '3', '3', '3', '3', '3', '<EOS>', '<PAD>', '<PAD>', '<PAD>']","['<SOS>', 'angry', 'lobster', 'lemon', 'rice', 'crispy', 'basil', '<EOS>', '<PAD>', '<PAD>', '<PAD>']"
1,resnet50,train,2,"['<SOS>', '3', 'ingredient', 'ingredient', '<EOS>', '<EOS>', '<PAD>', '<PAD>', '<EOS>', '<PAD>', '<PAD>']","['<SOS>', '3', 'ingredient', 'sweet', 'potato', 'casserole', 'maple', 'pecan', '<EOS>', '<PAD>', '<PAD>']"
1,resnet50,train,2,"['<SOS>', '3', 'all', '<EOS>', '<PAD>', '<PAD>', '<PAD>', '<PAD>', '<PAD>', '<PAD>', '<PAD>']","['<SOS>', 'ambrosia', 'macaroon', '<EOS>', '<PAD>', '<PAD>', '<PAD>', '<PAD>', '<PAD>', '<PAD>', '<PAD>']"
1,resnet50,train,2,"['<SOS>', '<SOS>', 'purpose', '<EOS>', '<PAD>', '<PAD>', '<PAD>', '<EOS>', '<PAD>', '<PAD>', '<PAD>']","['<SOS>', 'andouille', 'stuffed', 'pork', 'loin', 'creole', 'mustard', '<EOS>', '<PAD>', '<PAD>', '<PAD>']"
1,resnet50,train,2,"['<SOS>', '3', 'ingredient', '<EOS>', '<PAD>', '<PAD>', '<PAD>', '<PAD>', '<PAD>', '<PAD>', '<PAD>']","['<SOS>', 'amaretti', 'tiramisu', '<EOS>', '<PAD>', '<PAD>', '<PAD>', '<PAD>', '<PAD>', '<PAD>', '<PAD>']"
1,resnet50,train,2,"['<SOS>', '3', 'ingredient', 'ingredient', 'ingredient', '<EOS>', '<EOS>', '<EOS>', '<PAD>', '<PAD>', '<PAD>']","['<SOS>', '3', 'ingredient', 'grilled', 'fresh', 'tomato', 'salsa', '<EOS>', '<PAD>', '<PAD>', '<PAD>']"
1,resnet50,train,2,"['<SOS>', '3', 'ingredient', 'ingredient', '<EOS>', '<EOS>', '<EOS>', '<PAD>', '<PAD>', '<PAD>', '<PAD>']","['<SOS>', '3', 'ingredient', 'brown', 'butter', 'shortbread', '<EOS>', '<PAD>', '<PAD>', '<PAD>', '<PAD>']"
1,resnet50,train,2,"['<SOS>', '<SOS>', '<EOS>', '<EOS>', '<PAD>', '<PAD>', '<PAD>', '<PAD>', '<PAD>', '<PAD>', '<PAD>']","['<SOS>', 'better', 'granola', '<EOS>', '<PAD>', '<PAD>', '<PAD>', '<PAD>', '<PAD>', '<PAD>', '<PAD>']"
1,resnet50,train,2,"['<SOS>', '3', 'ingredient', 'ingredient', '<PAD>', '<EOS>', '<EOS>', '<EOS>', '<PAD>', '<PAD>', '<PAD>']","['<SOS>', '3', 'ingredient', 'thanksgiving', 'turkey', 'orange', 'sage', '<EOS>', '<PAD>', '<PAD>', '<PAD>']"
1,resnet50,train,2,"['<SOS>', '3', 'ingredient', 'ingredient', '<PAD>', '<PAD>', '<PAD>', '<EOS>', '<PAD>', '<PAD>', '<PAD>']","['<SOS>', '3', 'ingredient', 'sweet', 'smoky', 'brussels', 'sprout', '<EOS>', '<PAD>', '<PAD>', '<PAD>']"
1,resnet50,train,2,"['<SOS>', '3', 'ingredient', 'ingredient', 'ingredient', '<EOS>', '<PAD>', '<PAD>', '<PAD>', '<PAD>', '<PAD>']","['<SOS>', '3', 'ingredient', 'buttermilk', 'biscuit', '<EOS>', '<PAD>', '<PAD>', '<PAD>', '<PAD>', '<PAD>']"
1,resnet50,val,2,"['<SOS>', '<SOS>', 'ingredient', 'ingredient', 'ingredient', 'ingredient', 'ingredient', 'ingredient', '<EOS>', '<EOS>', '<EOS>']","['<SOS>', '3', 'ingredient', 'charred', 'green', 'bean', 'ricotta', 'lemon', '<EOS>', '<PAD>', '<PAD>']"
1,resnet50,val,2,"['<SOS>', '<SOS>', '<SOS>', 'ingredient', 'ingredient', 'ingredient', 'ingredient', 'ingredient', 'ingredient', 'ingredient', 'ingredient']","['<SOS>', 'almond', 'horchata', '<EOS>', '<PAD>', '<PAD>', '<PAD>', '<PAD>', '<PAD>', '<PAD>', '<PAD>']"
1,resnet50,val,2,"['<SOS>', '<SOS>', 'almond', 'ingredient', 'ingredient', 'ingredient', 'ingredient', 'ingredient', 'ingredient', 'ingredient', '<PAD>']","['<SOS>', 'almond', 'apricot', 'chicken', 'mint', 'pesto', '<EOS>', '<PAD>', '<PAD>', '<PAD>', '<PAD>']"
1,resnet50,val,2,"['<SOS>', '3', '3', '3', '3', '3', '<PAD>', '<PAD>', '<PAD>', '<PAD>', '<PAD>']","['<SOS>', 'anchovy', 'mayonnaise', '<EOS>', '<PAD>', '<PAD>', '<PAD>', '<PAD>', '<PAD>', '<PAD>', '<PAD>']"
1,resnet50,val,2,"['<SOS>', '<SOS>', '3', '3', '3', 'ingredient', 'ingredient', 'ingredient', 'ingredient', '<PAD>', '<PAD>']","['<SOS>', 'agave', 'margarita', '<EOS>', '<PAD>', '<PAD>', '<PAD>', '<PAD>', '<PAD>', '<PAD>', '<PAD>']"
1,resnet50,val,2,"['<SOS>', '<SOS>', '<SOS>', 'apple', 'ingredient', 'ingredient', 'ingredient', 'ingredient', '<EOS>', '<EOS>', '<EOS>']","['<SOS>', '10', 'minute', 'chicken', 'flatbread', 'hummus', 'yogurt', '<EOS>', '<PAD>', '<PAD>', '<PAD>']"
1,resnet50,val,2,"['<SOS>', '<SOS>', '<SOS>', '<SOS>', 's', '<EOS>', '<EOS>', '<EOS>', '<EOS>', '<EOS>', '<EOS>']","['<SOS>', 'apple', 'almond', 'turnover', '<EOS>', '<PAD>', '<PAD>', '<PAD>', '<PAD>', '<PAD>', '<PAD>']"
1,resnet50,val,2,"['<SOS>', '<SOS>', '<SOS>', 'ingredient', 'ingredient', 'ingredient', 'ingredient', 'ingredient', 'ingredient', '<PAD>', '<PAD>']","['<SOS>', 'adobo', 'chicken', 'parchment', '<EOS>', '<PAD>', '<PAD>', '<PAD>', '<PAD>', '<PAD>', '<PAD>']"
1,resnet50,val,2,"['<SOS>', '<SOS>', '<SOS>', '<SOS>', '<SOS>', '<SOS>', '<SOS>', '<SOS>', '<SOS>', '<SOS>', '<SOS>']","['<SOS>', 'alaskan', 'black', 'cod', 'hoisin', 'ginger', 'sauce', '<EOS>', '<PAD>', '<PAD>', '<PAD>']"
1,resnet50,train,3,"['<SOS>', '<SOS>', 'grilled', '<EOS>', '<PAD>', '<PAD>', '<EOS>', '<PAD>', '<PAD>', '<PAD>', '<PAD>']","['<SOS>', 'adobo', 'glazed', 'mini', 'turkey', 'loaf', '<EOS>', '<PAD>', '<PAD>', '<PAD>', '<PAD>']"
1,resnet50,train,3,"['<SOS>', '3', 'ingredient', 'apple', 'apple', '<PAD>', '<EOS>', '<PAD>', '<PAD>', '<PAD>', '<PAD>']","['<SOS>', '3', 'ingredient', 'caramel', 'apple', 'tart', '<EOS>', '<PAD>', '<PAD>', '<PAD>', '<PAD>']"
1,resnet50,train,3,"['<SOS>', 'ambrosia', 'ambrosia', '<EOS>', '<PAD>', '<PAD>', '<PAD>', '<PAD>', '<PAD>', '<PAD>', '<PAD>']","['<SOS>', 'ambrosia', 'macaroon', '<EOS>', '<PAD>', '<PAD>', '<PAD>', '<PAD>', '<PAD>', '<PAD>', '<PAD>']"
1,resnet50,train,3,"['<SOS>', 'almond', 'almond', 'pancake', 'sausage', '<EOS>', '<EOS>', '<PAD>', '<PAD>', '<PAD>', '<PAD>']","['<SOS>', 'almond', 'pancake', 'sour', 'cherry', 'syrup', '<EOS>', '<PAD>', '<PAD>', '<PAD>', '<PAD>']"
1,resnet50,train,3,"['<SOS>', 'fruit', 'fig', 'fig', 'fig', 'sausage', '<EOS>', '<PAD>', '<PAD>', '<PAD>', '<PAD>']","['<SOS>', 'anise', 'scented', 'fig', 'date', 'swirl', '<EOS>', '<PAD>', '<PAD>', '<PAD>', '<PAD>']"
1,resnet50,train,3,"['<SOS>', '3', 'ingredient', 'ingredient', 'ingredient', '<EOS>', '<PAD>', '<PAD>', '<PAD>', '<PAD>', '<PAD>']","['<SOS>', '3', 'ingredient', 'thanksgiving', 'gravy', '<EOS>', '<PAD>', '<PAD>', '<PAD>', '<PAD>', '<PAD>']"
1,resnet50,train,3,"['<SOS>', 'almond', 'almond', '<EOS>', '<PAD>', '<PAD>', '<PAD>', '<PAD>', '<PAD>', '<PAD>', '<PAD>']","['<SOS>', 'almond', 'flan', '<EOS>', '<PAD>', '<PAD>', '<PAD>', '<PAD>', '<PAD>', '<PAD>', '<PAD>']"
1,resnet50,train,3,"['<SOS>', 'suissesse', 'suissesse', '<EOS>', '<PAD>', '<PAD>', '<PAD>', '<PAD>', '<PAD>', '<PAD>', '<PAD>']","['<SOS>', 'abinsthe', 'frappe', '<EOS>', '<PAD>', '<PAD>', '<PAD>', '<PAD>', '<PAD>', '<PAD>', '<PAD>']"
1,resnet50,train,3,"['<SOS>', 'almond', 'almond', 'chocolate', '<EOS>', '<EOS>', '<PAD>', '<PAD>', '<PAD>', '<PAD>', '<PAD>']","['<SOS>', 'almond', 'cherry', 'chocolate', 'bark', '<EOS>', '<PAD>', '<PAD>', '<PAD>', '<PAD>', '<PAD>']"
1,resnet50,train,3,"['<SOS>', '<SOS>', 'cake', 'cooky', 'cooky', '<EOS>', '<PAD>', '<PAD>', '<PAD>', '<PAD>', '<PAD>']","['<SOS>', 'amaranth', 'walnut', 'cooky', 'brandy', '<EOS>', '<PAD>', '<PAD>', '<PAD>', '<PAD>', '<PAD>']"
1,resnet50,train,3,"['<SOS>', 'almond', 'almond', 'de', '<EOS>', '<EOS>', '<EOS>', '<PAD>', '<PAD>', '<PAD>', '<PAD>']","['<SOS>', 'almond', 'marmelade', 'torte', 'lattice', 'crust', '<EOS>', '<PAD>', '<PAD>', '<PAD>', '<PAD>']"
1,resnet50,train,3,"['<SOS>', 'almond', 'almond', 'sausage', '<PAD>', '<EOS>', '<PAD>', '<EOS>', '<PAD>', '<PAD>', '<PAD>']","['<SOS>', 'almond', 'bread', 'pudding', 'salted', 'caramel', 'sauce', '<EOS>', '<PAD>', '<PAD>', '<PAD>']"
1,resnet50,train,3,"['<SOS>', '<SOS>', 'minute', '<EOS>', '<EOS>', '<PAD>', '<PAD>', '<PAD>', '<PAD>', '<PAD>', '<PAD>']","['<SOS>', 'amaranth', 'risotto', 'mushroom', '<EOS>', '<PAD>', '<PAD>', '<PAD>', '<PAD>', '<PAD>', '<PAD>']"
1,resnet50,val,3,"['<SOS>', '<SOS>', '<SOS>', '<SOS>', '<SOS>', '<SOS>', '<SOS>', '<SOS>', '<SOS>', '<SOS>', '<SOS>']","['<SOS>', '3', 'ingredient', 'charred', 'green', 'bean', 'ricotta', 'lemon', '<EOS>', '<PAD>', '<PAD>']"
1,resnet50,val,3,"['<SOS>', '<SOS>', '<SOS>', '<SOS>', '<SOS>', 'green', 'green', '<EOS>', '<EOS>', '<EOS>', '<EOS>']","['<SOS>', 'almond', 'horchata', '<EOS>', '<PAD>', '<PAD>', '<PAD>', '<PAD>', '<PAD>', '<PAD>', '<PAD>']"
1,resnet50,val,3,"['<SOS>', '<SOS>', 'almond', 'almond', 'almond', 'almond', 'almond', 'almond', 'almond', 'almond', 'almond']","['<SOS>', 'almond', 'apricot', 'chicken', 'mint', 'pesto', '<EOS>', '<PAD>', '<PAD>', '<PAD>', '<PAD>']"
1,resnet50,val,3,"['<SOS>', '<SOS>', '<SOS>', '<SOS>', '<SOS>', '<SOS>', 'green', '<PAD>', '<PAD>', '<PAD>', '<PAD>']","['<SOS>', 'anchovy', 'mayonnaise', '<EOS>', '<PAD>', '<PAD>', '<PAD>', '<PAD>', '<PAD>', '<PAD>', '<PAD>']"
1,resnet50,val,3,"['<SOS>', '<SOS>', 'almond', 'almond', 'almond', 'almond', 'almond', 'almond', 'almond', 'almond', 'almond']","['<SOS>', 'agave', 'margarita', '<EOS>', '<PAD>', '<PAD>', '<PAD>', '<PAD>', '<PAD>', '<PAD>', '<PAD>']"
1,resnet50,val,3,"['<SOS>', '<SOS>', 'cake', 'cake', 'cake', 'cake', 'cake', '<PAD>', '<PAD>', '<PAD>', '<PAD>']","['<SOS>', '10', 'minute', 'chicken', 'flatbread', 'hummus', 'yogurt', '<EOS>', '<PAD>', '<PAD>', '<PAD>']"
1,resnet50,val,3,"['<SOS>', '<SOS>', '<SOS>', 's', 's', 's', '<EOS>', '<EOS>', '<EOS>', '<EOS>', '<EOS>']","['<SOS>', 'apple', 'almond', 'turnover', '<EOS>', '<PAD>', '<PAD>', '<PAD>', '<PAD>', '<PAD>', '<PAD>']"
1,resnet50,val,3,"['<SOS>', '<SOS>', '<SOS>', '<SOS>', '<SOS>', '<SOS>', '<SOS>', '<SOS>', '<SOS>', '<SOS>', '<SOS>']","['<SOS>', 'adobo', 'chicken', 'parchment', '<EOS>', '<PAD>', '<PAD>', '<PAD>', '<PAD>', '<PAD>', '<PAD>']"
1,resnet50,val,3,"['<SOS>', '<SOS>', '<SOS>', '<SOS>', '<SOS>', 'cake', 'cake', 'cake', 'cake', '<PAD>', '<PAD>']","['<SOS>', 'alaskan', 'black', 'cod', 'hoisin', 'ginger', 'sauce', '<EOS>', '<PAD>', '<PAD>', '<PAD>']"
1,resnet50,train,4,"['<SOS>', 'anchovy', 'pasta', 'pasta', 'pasta', '<EOS>', '<PAD>', '<PAD>', '<PAD>', '<PAD>', '<PAD>']","['<SOS>', 'anchovy', 'pasta', 'garlic', 'breadcrumb', '<EOS>', '<PAD>', '<PAD>', '<PAD>', '<PAD>', '<PAD>']"
1,resnet50,train,4,"['<SOS>', '3', 'ingredient', 'ingredient', '<EOS>', '<PAD>', '<PAD>', '<PAD>', '<PAD>', '<PAD>', '<PAD>']","['<SOS>', '3', 'ingredient', 'shakshuka', '<EOS>', '<PAD>', '<PAD>', '<PAD>', '<PAD>', '<PAD>', '<PAD>']"
1,resnet50,train,4,"['<SOS>', 'almond', 'cake', '<EOS>', '<PAD>', '<PAD>', '<PAD>', '<PAD>', '<PAD>', '<PAD>', '<PAD>']","['<SOS>', 'almond', 'cake', '<EOS>', '<PAD>', '<PAD>', '<PAD>', '<PAD>', '<PAD>', '<PAD>', '<PAD>']"
1,resnet50,train,4,"['<SOS>', '3', 'roasted', '<EOS>', '<EOS>', '<EOS>', '<EOS>', '<PAD>', '<PAD>', '<PAD>', '<PAD>']","['<SOS>', 'african', 'curried', 'coconut', 'soup', 'chickpea', '<EOS>', '<PAD>', '<PAD>', '<PAD>', '<PAD>']"
1,resnet50,train,4,"['<SOS>', 'air', 'air', 'air', '<PAD>', '<PAD>', '<EOS>', '<PAD>', '<PAD>', '<PAD>', '<PAD>']","['<SOS>', 'air', 'fryer', 'crispy', 'herbed', 'chickpea', '<EOS>', '<PAD>', '<PAD>', '<PAD>', '<PAD>']"
1,resnet50,train,4,"['<SOS>', '3', 'ingredient', 'ingredient', '<EOS>', '<EOS>', '<PAD>', '<PAD>', '<PAD>', '<PAD>', '<PAD>']","['<SOS>', '3', 'ingredient', 'morning', 'bun', '<EOS>', '<PAD>', '<PAD>', '<PAD>', '<PAD>', '<PAD>']"
1,resnet50,train,4,"['<SOS>', 'almond', 'raisin', '<EOS>', '<EOS>', '<PAD>', '<PAD>', '<PAD>', '<PAD>', '<PAD>', '<PAD>']","['<SOS>', 'almond', 'raisin', 'agrodolce', '<EOS>', '<PAD>', '<PAD>', '<PAD>', '<PAD>', '<PAD>', '<PAD>']"
1,resnet50,train,4,"['<SOS>', '3', 'cooky', 'cooky', 'cooky', '<EOS>', '<PAD>', '<PAD>', '<PAD>', '<PAD>', '<PAD>']","['<SOS>', '3', 'ingredient', 'hazelnut', 'cooky', '<EOS>', '<PAD>', '<PAD>', '<PAD>', '<PAD>', '<PAD>']"
1,resnet50,train,4,"['<SOS>', 'all', 'one', 'one', 'cookie', 'cookie', 'cookie', '<EOS>', '<PAD>', '<PAD>', '<PAD>']","['<SOS>', 'all', 'in', 'one', 'sugar', 'cookie', 'dough', '<EOS>', '<PAD>', '<PAD>', '<PAD>']"
1,resnet50,train,4,"['<SOS>', 'almond', 'almond', '<EOS>', '<EOS>', '<PAD>', '<PAD>', '<PAD>', '<PAD>', '<PAD>', '<PAD>']","['<SOS>', 'almond', 'pear', 'galette', '<EOS>', '<PAD>', '<PAD>', '<PAD>', '<PAD>', '<PAD>', '<PAD>']"
1,resnet50,train,4,"['<SOS>', 'anchovy', 'mayonnaise', '<EOS>', '<PAD>', '<PAD>', '<PAD>', '<PAD>', '<PAD>', '<PAD>', '<PAD>']","['<SOS>', 'anchovy', 'mayonnaise', '<EOS>', '<PAD>', '<PAD>', '<PAD>', '<PAD>', '<PAD>', '<PAD>', '<PAD>']"
1,resnet50,train,4,"['<SOS>', '3', '<EOS>', '<PAD>', '<EOS>', '<PAD>', '<PAD>', '<PAD>', '<PAD>', '<PAD>', '<PAD>']","['<SOS>', '24th', 'street', 'spritz', '<EOS>', '<PAD>', '<PAD>', '<PAD>', '<PAD>', '<PAD>', '<PAD>']"
1,resnet50,train,4,"['<SOS>', '3', 'ingredient', 'ice', 'ice', 'cake', '<EOS>', '<PAD>', '<PAD>', '<PAD>', '<PAD>']","['<SOS>', '3', 'ingredient', 'ice', 'box', 'cake', '<EOS>', '<PAD>', '<PAD>', '<PAD>', '<PAD>']"
1,resnet50,val,4,"['<SOS>', '<SOS>', '<SOS>', '<SOS>', '<SOS>', '<SOS>', '<SOS>', '<SOS>', '<SOS>', '<EOS>', '<EOS>']","['<SOS>', '3', 'ingredient', 'charred', 'green', 'bean', 'ricotta', 'lemon', '<EOS>', '<PAD>', '<PAD>']"
1,resnet50,val,4,"['<SOS>', '<SOS>', 'rice', 'thanksgiving', 'thanksgiving', 'thanksgiving', '<EOS>', '<EOS>', '<EOS>', '<EOS>', '<EOS>']","['<SOS>', 'almond', 'horchata', '<EOS>', '<PAD>', '<PAD>', '<PAD>', '<PAD>', '<PAD>', '<PAD>', '<PAD>']"
1,resnet50,val,4,"['<SOS>', '<SOS>', 'salad', 'salad', 'salad', 'salad', 'salad', 'salad', '<PAD>', '<PAD>', '<PAD>']","['<SOS>', 'almond', 'apricot', 'chicken', 'mint', 'pesto', '<EOS>', '<PAD>', '<PAD>', '<PAD>', '<PAD>']"
1,resnet50,val,4,"['<SOS>', '<SOS>', '<SOS>', '<SOS>', '<SOS>', '<SOS>', '<SOS>', '<EOS>', '<EOS>', '<EOS>', '<EOS>']","['<SOS>', 'anchovy', 'mayonnaise', '<EOS>', '<PAD>', '<PAD>', '<PAD>', '<PAD>', '<PAD>', '<PAD>', '<PAD>']"
1,resnet50,val,4,"['<SOS>', 'almond', 'almond', 'almond', 'almond', 'almond', 'almond', 'almond', 'almond', 'almond', 'almond']","['<SOS>', 'agave', 'margarita', '<EOS>', '<PAD>', '<PAD>', '<PAD>', '<PAD>', '<PAD>', '<PAD>', '<PAD>']"
1,resnet50,val,4,"['<SOS>', '<SOS>', 'ingredient', 'ingredient', 'ingredient', 'ingredient', 'ingredient', 'ingredient', 'ingredient', 'ingredient', '<PAD>']","['<SOS>', '10', 'minute', 'chicken', 'flatbread', 'hummus', 'yogurt', '<EOS>', '<PAD>', '<PAD>', '<PAD>']"
1,resnet50,val,4,"['<SOS>', '<SOS>', 's', 's', 's', '<EOS>', '<EOS>', '<EOS>', '<EOS>', '<EOS>', '<EOS>']","['<SOS>', 'apple', 'almond', 'turnover', '<EOS>', '<PAD>', '<PAD>', '<PAD>', '<PAD>', '<PAD>', '<PAD>']"
1,resnet50,val,4,"['<SOS>', '<SOS>', '<SOS>', '<SOS>', '<SOS>', '<SOS>', '<SOS>', '<SOS>', '<EOS>', '<EOS>', '<EOS>']","['<SOS>', 'adobo', 'chicken', 'parchment', '<EOS>', '<PAD>', '<PAD>', '<PAD>', '<PAD>', '<PAD>', '<PAD>']"
1,resnet50,val,4,"['<SOS>', '<SOS>', 'andouille', 's', 's', '<EOS>', '<EOS>', '<EOS>', '<EOS>', '<EOS>', '<EOS>']","['<SOS>', 'alaskan', 'black', 'cod', 'hoisin', 'ginger', 'sauce', '<EOS>', '<PAD>', '<PAD>', '<PAD>']"
1,resnet50,train,5,"['<SOS>', 'african', 'african', 'soup', 'soup', '<PAD>', '<EOS>', '<PAD>', '<PAD>', '<PAD>', '<PAD>']","['<SOS>', 'african', 'curried', 'coconut', 'soup', 'chickpea', '<EOS>', '<PAD>', '<PAD>', '<PAD>', '<PAD>']"
1,resnet50,train,5,"['<SOS>', 'cooky', 'cooky', 'cooky', '<EOS>', '<PAD>', '<PAD>', '<PAD>', '<PAD>', '<PAD>', '<PAD>']","['<SOS>', 'ancho', 'mole', 'cooky', '<EOS>', '<PAD>', '<PAD>', '<PAD>', '<PAD>', '<PAD>', '<PAD>']"
1,resnet50,train,5,"['<SOS>', 'almond', 'almond', 'chile', '<PAD>', '<PAD>', '<EOS>', '<PAD>', '<PAD>', '<PAD>', '<PAD>']","['<SOS>', 'almond', 'pad', 'thai', 'shiritaki', 'noodle', '<EOS>', '<PAD>', '<PAD>', '<PAD>', '<PAD>']"
1,resnet50,train,5,"['<SOS>', '3', 'ingredient', 'gravy', 'gravy', '<EOS>', '<PAD>', '<PAD>', '<PAD>', '<PAD>', '<PAD>']","['<SOS>', '3', 'ingredient', 'thanksgiving', 'gravy', '<EOS>', '<PAD>', '<PAD>', '<PAD>', '<PAD>', '<PAD>']"
1,resnet50,train,5,"['<SOS>', '3', 'ingredient', 'ingredient', 'ice', 'brussels', '<PAD>', '<EOS>', '<PAD>', '<PAD>', '<PAD>']","['<SOS>', '3', 'ingredient', 'sweet', 'smoky', 'brussels', 'sprout', '<EOS>', '<PAD>', '<PAD>', '<PAD>']"
1,resnet50,train,5,"['<SOS>', 'almond', 'plum', 'pie', 'pie', '<EOS>', '<PAD>', '<PAD>', '<PAD>', '<PAD>', '<PAD>']","['<SOS>', 'almond', 'plum', 'peach', 'pie', '<EOS>', '<PAD>', '<PAD>', '<PAD>', '<PAD>', '<PAD>']"
1,resnet50,train,5,"['<SOS>', 'ackee', 'island', 'island', 'island', '<EOS>', '<PAD>', '<PAD>', '<PAD>', '<PAD>', '<PAD>']","['<SOS>', 'ackee', 'taco', 'island', 'guacamole', '<EOS>', '<PAD>', '<PAD>', '<PAD>', '<PAD>', '<PAD>']"
1,resnet50,train,5,"['<SOS>', 'almond', '15', 'chicken', '15', '15', '15', '<EOS>', '<PAD>', '<EOS>', '<PAD>']","['<SOS>', '15', 'minute', 'chicken', 'paillards', 'red', 'cabbage', 'onion', 'slaw', '<EOS>', '<PAD>']"
1,resnet50,train,5,"['<SOS>', 'almond', 'cake', '<EOS>', '<PAD>', '<PAD>', '<PAD>', '<PAD>', '<PAD>', '<PAD>', '<PAD>']","['<SOS>', 'almond', 'cake', '<EOS>', '<PAD>', '<PAD>', '<PAD>', '<PAD>', '<PAD>', '<PAD>', '<PAD>']"
1,resnet50,train,5,"['<SOS>', 'almond', 'green', 'smoothy', '<EOS>', '<PAD>', '<PAD>', '<PAD>', '<PAD>', '<PAD>', '<PAD>']","['<SOS>', 'almond', 'banana', 'smoothy', '<EOS>', '<PAD>', '<PAD>', '<PAD>', '<PAD>', '<PAD>', '<PAD>']"
1,resnet50,train,5,"['<SOS>', 'antipasto', 'salad', '<EOS>', '<PAD>', '<PAD>', '<PAD>', '<PAD>', '<PAD>', '<PAD>', '<PAD>']","['<SOS>', 'antipasto', 'salad', '<EOS>', '<PAD>', '<PAD>', '<PAD>', '<PAD>', '<PAD>', '<PAD>', '<PAD>']"
1,resnet50,train,5,"['<SOS>', 'green', 'pea', 'pea', 'pea', 'pea', '<EOS>', '<PAD>', '<PAD>', '<PAD>', '<PAD>']","['<SOS>', 'green', 'pea', 'soup', 'without', 'meat', '<EOS>', '<PAD>', '<PAD>', '<PAD>', '<PAD>']"
1,resnet50,train,5,"['<SOS>', 'almond', 'raspberry', 'raspberry', 'raspberry', '<EOS>', '<PAD>', '<PAD>', '<PAD>', '<PAD>', '<PAD>']","['<SOS>', 'almond', 'crust', 'raspberry', 'cheesecake', '<EOS>', '<PAD>', '<PAD>', '<PAD>', '<PAD>', '<PAD>']"
1,resnet50,val,5,"['<SOS>', '<SOS>', 'almond', 'almond', 'almond', 'almond', 'almond', 'almond', 'almond', 'almond', 'almond']","['<SOS>', '3', 'ingredient', 'charred', 'green', 'bean', 'ricotta', 'lemon', '<EOS>', '<PAD>', '<PAD>']"
1,resnet50,val,5,"['<SOS>', '<SOS>', 'ingredient', 'ingredient', 'ingredient', 'ingredient', 'ingredient', 'ingredient', '<PAD>', '<PAD>', '<PAD>']","['<SOS>', 'almond', 'horchata', '<EOS>', '<PAD>', '<PAD>', '<PAD>', '<PAD>', '<PAD>', '<PAD>', '<PAD>']"
1,resnet50,val,5,"['<SOS>', 'almond', 'almond', 'almond', 'almond', 'almond', 'almond', 'almond', 'butter', 'butter', 'butter']","['<SOS>', 'almond', 'apricot', 'chicken', 'mint', 'pesto', '<EOS>', '<PAD>', '<PAD>', '<PAD>', '<PAD>']"
1,resnet50,val,5,"['<SOS>', 'almond', 'almond', 'almond', 'almond', 'almond', 'almond', 'almond', 'almond', 'almond', 'almond']","['<SOS>', 'anchovy', 'mayonnaise', '<EOS>', '<PAD>', '<PAD>', '<PAD>', '<PAD>', '<PAD>', '<PAD>', '<PAD>']"
1,resnet50,val,5,"['<SOS>', 'almond', 'almond', 'almond', 'almond', 'almond', 'almond', '<EOS>', '<EOS>', '<EOS>', '<EOS>']","['<SOS>', 'agave', 'margarita', '<EOS>', '<PAD>', '<PAD>', '<PAD>', '<PAD>', '<PAD>', '<PAD>', '<PAD>']"
1,resnet50,val,5,"['<SOS>', 'almond', 'almond', 'almond', 'almond', 'almond', 'almond', 'almond', 'almond', 'almond', 'almond']","['<SOS>', '10', 'minute', 'chicken', 'flatbread', 'hummus', 'yogurt', '<EOS>', '<PAD>', '<PAD>', '<PAD>']"
1,resnet50,val,5,"['<SOS>', 'almond', 'almond', 'almond', 'almond', 'almond', 'almond', 'almond', 'almond', 'almond', '<EOS>']","['<SOS>', 'apple', 'almond', 'turnover', '<EOS>', '<PAD>', '<PAD>', '<PAD>', '<PAD>', '<PAD>', '<PAD>']"
1,resnet50,val,5,"['<SOS>', 'almond', 'almond', 'almond', 'almond', 'almond', 'almond', 'almond', 'salad', 'salad', '<PAD>']","['<SOS>', 'adobo', 'chicken', 'parchment', '<EOS>', '<PAD>', '<PAD>', '<PAD>', '<PAD>', '<PAD>', '<PAD>']"
1,resnet50,val,5,"['<SOS>', 'almond', 'almond', 'almond', 'almond', 'almond', 'almond', 'almond', 'almond', 'almond', 'almond']","['<SOS>', 'alaskan', 'black', 'cod', 'hoisin', 'ginger', 'sauce', '<EOS>', '<PAD>', '<PAD>', '<PAD>']"
1,resnet50,train,6,"['<SOS>', 'apple', 'cranberry', 'cranberry', 'pie', '<EOS>', '<PAD>', '<PAD>', '<PAD>', '<PAD>', '<PAD>']","['<SOS>', 'apple', 'dried', 'cranberry', 'pie', '<EOS>', '<PAD>', '<PAD>', '<PAD>', '<PAD>', '<PAD>']"
1,resnet50,train,6,"['<SOS>', 'pork', 'pork', 'pork', 'pork', 'grilled', '<PAD>', '<EOS>', '<PAD>', '<PAD>', '<PAD>']","['<SOS>', 'agave', 'glazed', 'pork', 'belly', 'grilled', 'pineapple', '<EOS>', '<PAD>', '<PAD>', '<PAD>']"
1,resnet50,train,6,"['<SOS>', 'amarillo', 'amarillo', 'amarillo', '<EOS>', '<PAD>', '<PAD>', '<PAD>', '<PAD>', '<PAD>', '<PAD>']","['<SOS>', 'amarillo', 'ceviche', 'mixto', '<EOS>', '<PAD>', '<PAD>', '<PAD>', '<PAD>', '<PAD>', '<PAD>']"
1,resnet50,train,6,"['<SOS>', '3', 'ingredient', 'grilled', 'mexican', 'mexican', 'corn', 'mexican', '<EOS>', '<PAD>', '<PAD>']","['<SOS>', '3', 'ingredient', 'grilled', 'mexican', 'street', 'corn', 'elote', '<EOS>', '<PAD>', '<PAD>']"
1,resnet50,train,6,"['<SOS>', 'ancho', 'chile', 'pork', 'brussels', 'brussels', 'sprout', '<PAD>', '<EOS>', '<PAD>', '<PAD>']","['<SOS>', 'ancho', 'chile', 'pork', 'tenderloin', 'brussels', 'sprout', 'squash', '<EOS>', '<PAD>', '<PAD>']"
1,resnet50,train,6,"['<SOS>', 'calamari', 'calamari', 'calamari', '<EOS>', '<PAD>', '<PAD>', '<PAD>', '<PAD>', '<PAD>', '<PAD>']","['<SOS>', 'amalfi', 'calamari', 'pasta', '<EOS>', '<PAD>', '<PAD>', '<PAD>', '<PAD>', '<PAD>', '<PAD>']"
1,resnet50,train,6,"['<SOS>', '3', 'ingredient', 'grilled', 'fresh', 'tomato', '<EOS>', '<EOS>', '<PAD>', '<PAD>', '<PAD>']","['<SOS>', '3', 'ingredient', 'grilled', 'fresh', 'tomato', 'salsa', '<EOS>', '<PAD>', '<PAD>', '<PAD>']"
1,resnet50,train,6,"['<SOS>', 'cranberry', 'cranberry', 'cranberry', '<EOS>', '<PAD>', '<PAD>', '<PAD>', '<PAD>', '<PAD>', '<PAD>']","['<SOS>', 'amaretto', 'cranberry', 'kiss', '<EOS>', '<PAD>', '<PAD>', '<PAD>', '<PAD>', '<PAD>', '<PAD>']"
1,resnet50,train,6,"['<SOS>', '3', 'ingredient', 'hazelnut', 'cooky', '<EOS>', '<PAD>', '<PAD>', '<PAD>', '<PAD>', '<PAD>']","['<SOS>', '3', 'ingredient', 'hazelnut', 'cooky', '<EOS>', '<PAD>', '<PAD>', '<PAD>', '<PAD>', '<PAD>']"
1,resnet50,train,6,"['<SOS>', 'angel', 'sauce', 'sauce', 'sauce', '<EOS>', 'sauce', '<EOS>', '<PAD>', '<PAD>', '<PAD>']","['<SOS>', 'angel', 'hair', 'pasta', 'fresh', 'tomato', 'sauce', '<EOS>', '<PAD>', '<PAD>', '<PAD>']"
1,resnet50,train,6,"['<SOS>', 'almond', 'chocolate', 'chocolate', 'chocolate', '<EOS>', '<PAD>', '<PAD>', '<PAD>', '<PAD>', '<PAD>']","['<SOS>', 'almond', 'cherry', 'chocolate', 'bark', '<EOS>', '<PAD>', '<PAD>', '<PAD>', '<PAD>', '<PAD>']"
1,resnet50,train,6,"['<SOS>', '3', 'ingredient', 'pork', 'pork', 'roasted', 'apple', '<EOS>', '<EOS>', '<PAD>', '<PAD>']","['<SOS>', '3', 'ingredient', 'pork', 'chop', 'roasted', 'apple', 'sage', '<EOS>', '<PAD>', '<PAD>']"
1,resnet50,train,6,"['<SOS>', 'better', 'granola', '<EOS>', '<PAD>', '<PAD>', '<PAD>', '<PAD>', '<PAD>', '<PAD>', '<PAD>']","['<SOS>', 'better', 'granola', '<EOS>', '<PAD>', '<PAD>', '<PAD>', '<PAD>', '<PAD>', '<PAD>', '<PAD>']"
1,resnet50,val,6,"['<SOS>', '<SOS>', '<SOS>', 'lime', 'lime', 'lime', '<EOS>', '<EOS>', '<EOS>', '<EOS>', '<EOS>']","['<SOS>', '3', 'ingredient', 'charred', 'green', 'bean', 'ricotta', 'lemon', '<EOS>', '<PAD>', '<PAD>']"
1,resnet50,val,6,"['<SOS>', '<SOS>', 'ingredient', 'ingredient', 'ingredient', 'ingredient', 'ingredient', 'ingredient', 'ingredient', 'ingredient', 'ingredient']","['<SOS>', 'almond', 'horchata', '<EOS>', '<PAD>', '<PAD>', '<PAD>', '<PAD>', '<PAD>', '<PAD>', '<PAD>']"
1,resnet50,val,6,"['<SOS>', '3', '3', 'ingredient', 'ingredient', 'ingredient', 'ingredient', 'ingredient', 'ingredient', '<PAD>', '<PAD>']","['<SOS>', 'almond', 'apricot', 'chicken', 'mint', 'pesto', '<EOS>', '<PAD>', '<PAD>', '<PAD>', '<PAD>']"
1,resnet50,val,6,"['<SOS>', 'almond', 'almond', 'almond', 'almond', 'almond', 'almond', 'almond', 'almond', 'almond', 'almond']","['<SOS>', 'anchovy', 'mayonnaise', '<EOS>', '<PAD>', '<PAD>', '<PAD>', '<PAD>', '<PAD>', '<PAD>', '<PAD>']"
1,resnet50,val,6,"['<SOS>', '<SOS>', 'tart', 'tart', 'tart', 'tart', 'tart', '<PAD>', '<PAD>', '<PAD>', '<PAD>']","['<SOS>', 'agave', 'margarita', '<EOS>', '<PAD>', '<PAD>', '<PAD>', '<PAD>', '<PAD>', '<PAD>', '<PAD>']"
1,resnet50,val,6,"['<SOS>', 'ingredient', 'ingredient', 'ingredient', 'ingredient', 'ingredient', 'ingredient', 'ingredient', 'ingredient', 'ingredient', '<PAD>']","['<SOS>', '10', 'minute', 'chicken', 'flatbread', 'hummus', 'yogurt', '<EOS>', '<PAD>', '<PAD>', '<PAD>']"
1,resnet50,val,6,"['<SOS>', 'almond', 'almond', 'almond', 'almond', 'almond', 'almond', 'tart', 'tart', '<PAD>', '<PAD>']","['<SOS>', 'apple', 'almond', 'turnover', '<EOS>', '<PAD>', '<PAD>', '<PAD>', '<PAD>', '<PAD>', '<PAD>']"
1,resnet50,val,6,"['<SOS>', '<SOS>', 'butter', 'butter', 'butter', 'butter', 'butter', 'butter', '<EOS>', '<EOS>', '<EOS>']","['<SOS>', 'adobo', 'chicken', 'parchment', '<EOS>', '<PAD>', '<PAD>', '<PAD>', '<PAD>', '<PAD>', '<PAD>']"
1,resnet50,val,6,"['<SOS>', '<SOS>', 'almond', 'almond', 'almond', 'almond', 'almond', 'almond', 'almond', 'almond', 'almond']","['<SOS>', 'alaskan', 'black', 'cod', 'hoisin', 'ginger', 'sauce', '<EOS>', '<PAD>', '<PAD>', '<PAD>']"
1,resnet50,train,7,"['<SOS>', 'almond', 'cake', 'passion', 'passion', '<PAD>', 'sauce', '<EOS>', '<PAD>', '<PAD>', '<PAD>']","['<SOS>', 'almond', 'cake', 'chocolate', 'passion', 'fruit', 'sauce', '<EOS>', '<PAD>', '<PAD>', '<PAD>']"
1,resnet50,train,7,"['<SOS>', 'andouille', 's', '<EOS>', '<PAD>', '<PAD>', '<PAD>', '<PAD>', '<PAD>', '<PAD>', '<PAD>']","['<SOS>', 'andouille', 'gougères', '<EOS>', '<PAD>', '<PAD>', '<PAD>', '<PAD>', '<PAD>', '<PAD>', '<PAD>']"
1,resnet50,train,7,"['<SOS>', 'whiteman', 'whiteman', 'whiteman', 'birthday', 'kugel', '<EOS>', '<PAD>', '<PAD>', '<PAD>', '<PAD>']","['<SOS>', 'anne', 'whiteman', 's', 'birthday', 'kugel', '<EOS>', '<PAD>', '<PAD>', '<PAD>', '<PAD>']"
1,resnet50,train,7,"['<SOS>', '3', 'ingredient', 'sausage', 'dinner', '<PAD>', '<PAD>', '<EOS>', '<PAD>', '<PAD>', '<PAD>']","['<SOS>', '3', 'ingredient', 'sausage', 'dinner', 'lentil', 'fennel', '<EOS>', '<PAD>', '<PAD>', '<PAD>']"
1,resnet50,train,7,"['<SOS>', 'almond', 'cake', 'roasted', '<PAD>', 'vanilla', '<PAD>', '<EOS>', '<PAD>', '<PAD>', '<PAD>']","['<SOS>', 'almond', 'cake', 'roasted', 'pineapple', 'vanilla', 'cream', '<EOS>', '<PAD>', '<PAD>', '<PAD>']"
1,resnet50,train,7,"['<SOS>', 'almond', 'butter', 'date', 'chickpea', 'chickpea', 'ice', 'cream', '<EOS>', '<EOS>', '<PAD>']","['<SOS>', 'almond', 'florentine', 'black', 'raspberry', 'chip', 'ice', 'cream', 'sandwich', '<EOS>', '<PAD>']"
1,resnet50,train,7,"['<SOS>', 'absinthe', 'suissesse', '<EOS>', '<PAD>', '<PAD>', '<PAD>', '<PAD>', '<PAD>', '<PAD>', '<PAD>']","['<SOS>', 'absinthe', 'suissesse', '<EOS>', '<PAD>', '<PAD>', '<PAD>', '<PAD>', '<PAD>', '<PAD>', '<PAD>']"
1,resnet50,train,7,"['<SOS>', 'almond', 'butter', 'butter', 'pancake', '<EOS>', '<PAD>', '<PAD>', '<PAD>', '<PAD>', '<PAD>']","['<SOS>', 'almond', 'butter', 'banana', 'pancake', '<EOS>', '<PAD>', '<PAD>', '<PAD>', '<PAD>', '<PAD>']"
1,resnet50,train,7,"['<SOS>', 'almond', 'plum', 'plum', '<EOS>', '<PAD>', '<PAD>', '<PAD>', '<PAD>', '<PAD>', '<PAD>']","['<SOS>', 'almond', 'plum', 'buckle', '<EOS>', '<PAD>', '<PAD>', '<PAD>', '<PAD>', '<PAD>', '<PAD>']"
1,resnet50,train,7,"['<SOS>', 'ancho', 'chile', 'sauce', '<EOS>', '<PAD>', '<PAD>', '<PAD>', '<PAD>', '<PAD>', '<PAD>']","['<SOS>', 'ancho', 'chile', 'sauce', '<EOS>', '<PAD>', '<PAD>', '<PAD>', '<PAD>', '<PAD>', '<PAD>']"
1,resnet50,train,7,"['<SOS>', '3', 'ingredient', 'grilled', 'pineapple', 'pineapple', 'avocado', 'salad', '<EOS>', '<PAD>', '<PAD>']","['<SOS>', '3', 'ingredient', 'grilled', 'steak', 'pineapple', 'avocado', 'salad', '<EOS>', '<PAD>', '<PAD>']"
1,resnet50,train,7,"['<SOS>', 'almond', 'crunch', 'cooky', '<EOS>', '<PAD>', '<PAD>', '<PAD>', '<PAD>', '<PAD>', '<PAD>']","['<SOS>', 'almond', 'crunch', 'cooky', '<EOS>', '<PAD>', '<PAD>', '<PAD>', '<PAD>', '<PAD>', '<PAD>']"
1,resnet50,train,7,"['<SOS>', 'way', 'niçoise', '<EOS>', '<PAD>', '<PAD>', '<PAD>', '<PAD>', '<PAD>', '<PAD>', '<PAD>']","['<SOS>', 'way', 'niçoise', '<EOS>', '<PAD>', '<PAD>', '<PAD>', '<PAD>', '<PAD>', '<PAD>', '<PAD>']"
1,resnet50,val,7,"['<SOS>', 'almond', 'almond', 'almond', 'almond', 'almond', 'almond', 'almond', 'almond', 'almond', 'almond']","['<SOS>', '3', 'ingredient', 'charred', 'green', 'bean', 'ricotta', 'lemon', '<EOS>', '<PAD>', '<PAD>']"
1,resnet50,val,7,"['<SOS>', '<SOS>', 'ingredient', 'ingredient', 'ingredient', 'ingredient', 'ingredient', 'ingredient', 'ingredient', 'ingredient', 'ingredient']","['<SOS>', 'almond', 'horchata', '<EOS>', '<PAD>', '<PAD>', '<PAD>', '<PAD>', '<PAD>', '<PAD>', '<PAD>']"
1,resnet50,val,7,"['<SOS>', 'ingredient', 'ingredient', 'ingredient', 'ingredient', 'ingredient', 'ingredient', 'ingredient', '<PAD>', '<PAD>', '<PAD>']","['<SOS>', 'almond', 'apricot', 'chicken', 'mint', 'pesto', '<EOS>', '<PAD>', '<PAD>', '<PAD>', '<PAD>']"
1,resnet50,val,7,"['<SOS>', '<SOS>', '3', '3', '3', '3', '<PAD>', '<PAD>', '<PAD>', '<PAD>', '<PAD>']","['<SOS>', 'anchovy', 'mayonnaise', '<EOS>', '<PAD>', '<PAD>', '<PAD>', '<PAD>', '<PAD>', '<PAD>', '<PAD>']"
1,resnet50,val,7,"['<SOS>', 'almond', 'almond', 'almond', 'almond', 'almond', 'almond', 'almond', 'almond', 'almond', 'cocktail']","['<SOS>', 'agave', 'margarita', '<EOS>', '<PAD>', '<PAD>', '<PAD>', '<PAD>', '<PAD>', '<PAD>', '<PAD>']"
1,resnet50,val,7,"['<SOS>', 'almond', 'ingredient', 'ingredient', 'ingredient', 'ingredient', 'ingredient', 'ingredient', 'ingredient', 'ingredient', 'ingredient']","['<SOS>', '10', 'minute', 'chicken', 'flatbread', 'hummus', 'yogurt', '<EOS>', '<PAD>', '<PAD>', '<PAD>']"
1,resnet50,val,7,"['<SOS>', '3', '3', '3', '3', '3', '<PAD>', '<PAD>', '<PAD>', '<PAD>', '<PAD>']","['<SOS>', 'apple', 'almond', 'turnover', '<EOS>', '<PAD>', '<PAD>', '<PAD>', '<PAD>', '<PAD>', '<PAD>']"
1,resnet50,val,7,"['<SOS>', '<SOS>', '<SOS>', 'butter', 'butter', 'butter', 'butter', 'butter', 'butter', '<EOS>', '<EOS>']","['<SOS>', 'adobo', 'chicken', 'parchment', '<EOS>', '<PAD>', '<PAD>', '<PAD>', '<PAD>', '<PAD>', '<PAD>']"
1,resnet50,val,7,"['<SOS>', 'almond', 'almond', 'almond', 'almond', 'almond', 'almond', 'almond', 'almond', 'almond', 'almond']","['<SOS>', 'alaskan', 'black', 'cod', 'hoisin', 'ginger', 'sauce', '<EOS>', '<PAD>', '<PAD>', '<PAD>']"
1,resnet50,train,8,"['<SOS>', 'almond', 'good', 'mince', 'pie', '<EOS>', '<PAD>', '<PAD>', '<PAD>', '<PAD>', '<PAD>']","['<SOS>', 'jolly', 'good', 'mince', 'pie', '<EOS>', '<PAD>', '<PAD>', '<PAD>', '<PAD>', '<PAD>']"
1,resnet50,train,8,"['<SOS>', 'almond', 'cooky', 'cooky', '<EOS>', '<PAD>', '<PAD>', '<PAD>', '<PAD>', '<PAD>', '<PAD>']","['<SOS>', 'almond', 'bar', 'cooky', '<EOS>', '<PAD>', '<PAD>', '<PAD>', '<PAD>', '<PAD>', '<PAD>']"
1,resnet50,train,8,"['<SOS>', 'aperol', 'spritz', '<EOS>', '<PAD>', '<PAD>', '<PAD>', '<PAD>', '<PAD>', '<PAD>', '<PAD>']","['<SOS>', 'aperol', 'spritz', '<EOS>', '<PAD>', '<PAD>', '<PAD>', '<PAD>', '<PAD>', '<PAD>', '<PAD>']"
1,resnet50,train,8,"['<SOS>', 'aguachile', 'aguachile', 'aguachile', 'aguachile', 'cooked', 'lime', 'cooked', '<EOS>', '<PAD>', '<PAD>']","['<SOS>', 'aguachile', 'de', 'camarón', 'shrimp', 'cooked', 'lime', 'chile', '<EOS>', '<PAD>', '<PAD>']"
1,resnet50,train,8,"['<SOS>', 'alfajores', 'alfajores', 'dulce', 'de', 'coconut', '<EOS>', '<PAD>', '<PAD>', '<PAD>', '<PAD>']","['<SOS>', 'alfajores', 'coconut', 'dulce', 'de', 'leche', '<EOS>', '<PAD>', '<PAD>', '<PAD>', '<PAD>']"
1,resnet50,train,8,"['<SOS>', '3', 'ingredient', 'margarita', 'margarita', 'margarita', '<EOS>', '<PAD>', '<PAD>', '<PAD>', '<PAD>']","['<SOS>', '3', 'ingredient', 'grilled', 'orange', 'margarita', '<EOS>', '<PAD>', '<PAD>', '<PAD>', '<PAD>']"
1,resnet50,train,8,"['<SOS>', 'all', 'barbecue', 'barbecue', 'barbecue', '<EOS>', '<PAD>', '<PAD>', '<PAD>', '<PAD>', '<PAD>']","['<SOS>', 'all', 'purpose', 'barbecue', 'rib', '<EOS>', '<PAD>', '<PAD>', '<PAD>', '<PAD>', '<PAD>']"
1,resnet50,train,8,"['<SOS>', '15', 'curried', 'chicken', 'chicken', '<EOS>', '<EOS>', '<EOS>', '<EOS>', '<EOS>', '<PAD>']","['<SOS>', '15', 'minute', 'chicken', 'paillards', 'red', 'cabbage', 'onion', 'slaw', '<EOS>', '<PAD>']"
1,resnet50,train,8,"['<SOS>', 'green', 'pea', 'soup', 'without', 'without', '<EOS>', '<PAD>', '<PAD>', '<PAD>', '<PAD>']","['<SOS>', 'green', 'pea', 'soup', 'without', 'meat', '<EOS>', '<PAD>', '<PAD>', '<PAD>', '<PAD>']"
1,resnet50,train,8,"['<SOS>', '3', 'ingredient', 'seared', 'date', 'cream', 'ice', 'cream', 'cream', '<EOS>', '<PAD>']","['<SOS>', '3', 'ingredient', 'seared', 'date', 'vanilla', 'ice', 'cream', 'mint', '<EOS>', '<PAD>']"
1,resnet50,train,8,"['<SOS>', 'almond', 'bread', 'caramel', 'caramel', 'caramel', 'sauce', '<EOS>', '<PAD>', '<PAD>', '<PAD>']","['<SOS>', 'almond', 'bread', 'pudding', 'salted', 'caramel', 'sauce', '<EOS>', '<PAD>', '<PAD>', '<PAD>']"
1,resnet50,train,8,"['<SOS>', 'amaretto', 'cranberry', 'kiss', '<EOS>', '<PAD>', '<PAD>', '<PAD>', '<PAD>', '<PAD>', '<PAD>']","['<SOS>', 'amaretto', 'cranberry', 'kiss', '<EOS>', '<PAD>', '<PAD>', '<PAD>', '<PAD>', '<PAD>', '<PAD>']"
1,resnet50,train,8,"['<SOS>', 'almond', 'pistachio', 'pistachio', '<EOS>', '<PAD>', '<PAD>', '<PAD>', '<PAD>', '<PAD>', '<PAD>']","['<SOS>', 'almond', 'pistachio', 'nougatine', '<EOS>', '<PAD>', '<PAD>', '<PAD>', '<PAD>', '<PAD>', '<PAD>']"
1,resnet50,val,8,"['<SOS>', 'almond', 'almond', 'almond', 'almond', 'almond', 'almond', 'almond', 'almond', 'almond', 'almond']","['<SOS>', '3', 'ingredient', 'charred', 'green', 'bean', 'ricotta', 'lemon', '<EOS>', '<PAD>', '<PAD>']"
1,resnet50,val,8,"['<SOS>', '<SOS>', 's', 's', 's', 's', '<EOS>', '<EOS>', '<EOS>', '<EOS>', '<EOS>']","['<SOS>', 'almond', 'horchata', '<EOS>', '<PAD>', '<PAD>', '<PAD>', '<PAD>', '<PAD>', '<PAD>', '<PAD>']"
1,resnet50,val,8,"['<SOS>', 'almond', 'almond', 'almond', 'almond', 'almond', 'almond', 'almond', 'almond', 'almond', 'almond']","['<SOS>', 'almond', 'apricot', 'chicken', 'mint', 'pesto', '<EOS>', '<PAD>', '<PAD>', '<PAD>', '<PAD>']"
1,resnet50,val,8,"['<SOS>', 'almond', 'almond', 'almond', 'almond', 'almond', 'almond', 'almond', 'almond', 'almond', 'almond']","['<SOS>', 'anchovy', 'mayonnaise', '<EOS>', '<PAD>', '<PAD>', '<PAD>', '<PAD>', '<PAD>', '<PAD>', '<PAD>']"
1,resnet50,val,8,"['<SOS>', '<SOS>', 'bloody', 'bloody', 'bloody', '<PAD>', '<PAD>', '<PAD>', '<PAD>', '<PAD>', '<PAD>']","['<SOS>', 'agave', 'margarita', '<EOS>', '<PAD>', '<PAD>', '<PAD>', '<PAD>', '<PAD>', '<PAD>', '<PAD>']"
1,resnet50,val,8,"['<SOS>', 'almond', 'almond', 'almond', 'almond', 'almond', 'almond', 'almond', 'almond', 'almond', 'almond']","['<SOS>', '10', 'minute', 'chicken', 'flatbread', 'hummus', 'yogurt', '<EOS>', '<PAD>', '<PAD>', '<PAD>']"
1,resnet50,val,8,"['<SOS>', 'almond', 'almond', 'almond', 'almond', 'almond', 'almond', 'almond', 'almond', 'almond', 'almond']","['<SOS>', 'apple', 'almond', 'turnover', '<EOS>', '<PAD>', '<PAD>', '<PAD>', '<PAD>', '<PAD>', '<PAD>']"
1,resnet50,val,8,"['<SOS>', '<SOS>', 'almond', 'almond', 'almond', 'almond', 'almond', 'almond', '<EOS>', '<EOS>', '<EOS>']","['<SOS>', 'adobo', 'chicken', 'parchment', '<EOS>', '<PAD>', '<PAD>', '<PAD>', '<PAD>', '<PAD>', '<PAD>']"
1,resnet50,val,8,"['<SOS>', '<SOS>', 'almond', 'almond', 'almond', 'almond', 'almond', 'almond', 'almond', 'almond', 'almond']","['<SOS>', 'alaskan', 'black', 'cod', 'hoisin', 'ginger', 'sauce', '<EOS>', '<PAD>', '<PAD>', '<PAD>']"
1,resnet50,train,9,"['<SOS>', '3', 'ingredient', 'maple', 'maple', '<EOS>', '<EOS>', '<PAD>', '<PAD>', '<PAD>', '<PAD>']","['<SOS>', '3', 'ingredient', 'maple', 'cardamom', 'salmon', '<EOS>', '<PAD>', '<PAD>', '<PAD>', '<PAD>']"
1,resnet50,train,9,"['<SOS>', '3', 'ingredient', 'grilled', 'grilled', '<PAD>', '<PAD>', '<PAD>', '<EOS>', '<PAD>', '<PAD>']","['<SOS>', '3', 'ingredient', 'grilled', 'steak', 'pineapple', 'avocado', 'salad', '<EOS>', '<PAD>', '<PAD>']"
1,resnet50,train,9,"['<SOS>', 's', 's', 's', 'garlic', 'stir', 'garlic', 'garlic', 's', '<EOS>', '<PAD>']","['<SOS>', 'annie', 'lau', 's', 'garlic', 'stir', 'fried', 'brussels', 'sprout', '<EOS>', '<PAD>']"
1,resnet50,train,9,"['<SOS>', 'almond', 'trifle', 'trifle', 'trifle', '<EOS>', '<PAD>', '<PAD>', '<PAD>', '<PAD>', '<PAD>']","['<SOS>', 'almond', 'sherry', 'christmas', 'trifle', '<EOS>', '<PAD>', '<PAD>', '<PAD>', '<PAD>', '<PAD>']"
1,resnet50,train,9,"['<SOS>', '3', 'ingredient', 'korean', 'grilled', 'chicken', 'wing', 'scallion', '<EOS>', '<PAD>', '<PAD>']","['<SOS>', '3', 'ingredient', 'korean', 'grilled', 'chicken', 'wing', 'scallion', '<EOS>', '<PAD>', '<PAD>']"
1,resnet50,train,9,"['<SOS>', 'almond', 'butter', 'bread', 'bread', 'bread', 'bread', '<EOS>', '<PAD>', '<PAD>', '<PAD>']","['<SOS>', 'almond', 'butter', 'finger', 'banana', 'fruit', 'bread', '<EOS>', '<PAD>', '<PAD>', '<PAD>']"
1,resnet50,train,9,"['<SOS>', 'almond', 'olive', 'oil', 'tuiles', '<EOS>', '<PAD>', '<PAD>', '<PAD>', '<PAD>', '<PAD>']","['<SOS>', 'almond', 'olive', 'oil', 'tuiles', '<EOS>', '<PAD>', '<PAD>', '<PAD>', '<PAD>', '<PAD>']"
1,resnet50,train,9,"['<SOS>', 'almond', 'syrup', 'syrup', 'cherry', 'syrup', '<EOS>', '<PAD>', '<PAD>', '<PAD>', '<PAD>']","['<SOS>', 'almond', 'pancake', 'sour', 'cherry', 'syrup', '<EOS>', '<PAD>', '<PAD>', '<PAD>', '<PAD>']"
1,resnet50,train,9,"['<SOS>', 'almond', 'plum', 'peach', 'pie', '<EOS>', '<PAD>', '<PAD>', '<PAD>', '<PAD>', '<PAD>']","['<SOS>', 'almond', 'plum', 'peach', 'pie', '<EOS>', '<PAD>', '<PAD>', '<PAD>', '<PAD>', '<PAD>']"
1,resnet50,train,9,"['<SOS>', '3', 'ingredient', 'thanksgiving', 'stuffing', '<EOS>', '<PAD>', '<PAD>', '<PAD>', '<PAD>', '<PAD>']","['<SOS>', '3', 'ingredient', 'thanksgiving', 'stuffing', '<EOS>', '<PAD>', '<PAD>', '<PAD>', '<PAD>', '<PAD>']"
1,resnet50,train,9,"['<SOS>', 'agua', 'frescas', 'mexican', 'cooler', 'cooler', '<EOS>', '<PAD>', '<PAD>', '<PAD>', '<PAD>']","['<SOS>', 'agua', 'frescas', 'mexican', 'fruit', 'cooler', '<EOS>', '<PAD>', '<PAD>', '<PAD>', '<PAD>']"
1,resnet50,train,9,"['<SOS>', 'alton', 'alton', 't', 'gravy', 'gravy', '<EOS>', '<PAD>', '<PAD>', '<PAD>', '<PAD>']","['<SOS>', 'alton', 's', 't', 'day', 'gravy', '<EOS>', '<PAD>', '<PAD>', '<PAD>', '<PAD>']"
1,resnet50,train,9,"['<SOS>', 'agave', 'glazed', 'belly', 'belly', 'grilled', 'pineapple', '<EOS>', '<PAD>', '<PAD>', '<PAD>']","['<SOS>', 'agave', 'glazed', 'pork', 'belly', 'grilled', 'pineapple', '<EOS>', '<PAD>', '<PAD>', '<PAD>']"
1,resnet50,val,9,"['<SOS>', 'almond', 'almond', 'almond', 'almond', 'almond', 'almond', 'almond', 'almond', 'almond', 'almond']","['<SOS>', '3', 'ingredient', 'charred', 'green', 'bean', 'ricotta', 'lemon', '<EOS>', '<PAD>', '<PAD>']"
1,resnet50,val,9,"['<SOS>', '<SOS>', 's', 's', 's', 's', 's', 's', 's', '<PAD>', '<PAD>']","['<SOS>', 'almond', 'horchata', '<EOS>', '<PAD>', '<PAD>', '<PAD>', '<PAD>', '<PAD>', '<PAD>', '<PAD>']"
1,resnet50,val,9,"['<SOS>', 'almond', 'almond', 'almond', 'almond', 'almond', 'almond', 'almond', 'almond', 'almond', 'almond']","['<SOS>', 'almond', 'apricot', 'chicken', 'mint', 'pesto', '<EOS>', '<PAD>', '<PAD>', '<PAD>', '<PAD>']"
1,resnet50,val,9,"['<SOS>', 'almond', 'almond', 'almond', 'almond', 'almond', 'almond', 'almond', 'almond', 'almond', 'almond']","['<SOS>', 'anchovy', 'mayonnaise', '<EOS>', '<PAD>', '<PAD>', '<PAD>', '<PAD>', '<PAD>', '<PAD>', '<PAD>']"
1,resnet50,val,9,"['<SOS>', 'almond', 'almond', 'almond', 'almond', 'almond', 'almond', 'almond', 'almond', 'almond', 'almond']","['<SOS>', 'agave', 'margarita', '<EOS>', '<PAD>', '<PAD>', '<PAD>', '<PAD>', '<PAD>', '<PAD>', '<PAD>']"
1,resnet50,val,9,"['<SOS>', 'almond', 'almond', 'almond', 'almond', 'almond', 'almond', 'almond', 'almond', 'almond', 'almond']","['<SOS>', '10', 'minute', 'chicken', 'flatbread', 'hummus', 'yogurt', '<EOS>', '<PAD>', '<PAD>', '<PAD>']"
1,resnet50,val,9,"['<SOS>', 'almond', 'almond', 'almond', 'almond', 'almond', 'almond', 'almond', 'almond', 'almond', 'almond']","['<SOS>', 'apple', 'almond', 'turnover', '<EOS>', '<PAD>', '<PAD>', '<PAD>', '<PAD>', '<PAD>', '<PAD>']"
1,resnet50,val,9,"['<SOS>', '<SOS>', 'butter', 'butter', 'butter', 'butter', 'butter', '<EOS>', '<EOS>', '<EOS>', '<EOS>']","['<SOS>', 'adobo', 'chicken', 'parchment', '<EOS>', '<PAD>', '<PAD>', '<PAD>', '<PAD>', '<PAD>', '<PAD>']"
1,resnet50,val,9,"['<SOS>', '<SOS>', 'almond', 'almond', 'almond', 'almond', 'almond', 'almond', 'almond', 'almond', 'almond']","['<SOS>', 'alaskan', 'black', 'cod', 'hoisin', 'ginger', 'sauce', '<EOS>', '<PAD>', '<PAD>', '<PAD>']"
1,resnet50,train,10,"['<SOS>', '3', 'ingredient', 'gingersnap', 'icebox', 'cake', '<EOS>', '<PAD>', '<PAD>', '<PAD>', '<PAD>']","['<SOS>', '3', 'ingredient', 'gingersnap', 'icebox', 'cake', '<EOS>', '<PAD>', '<PAD>', '<PAD>', '<PAD>']"
1,resnet50,train,10,"['<SOS>', '3', 'ingredient', 'pumpkin', 'pumpkin', '<EOS>', '<PAD>', '<PAD>', '<PAD>', '<PAD>', '<PAD>']","['<SOS>', '3', 'ingredient', 'pumpkin', 'mousse', '<EOS>', '<PAD>', '<PAD>', '<PAD>', '<PAD>', '<PAD>']"
1,resnet50,train,10,"['<SOS>', 'agave', 'glazed', 'turkey', 'breast', '<EOS>', '<PAD>', '<EOS>', '<PAD>', '<PAD>', '<PAD>']","['<SOS>', 'agave', 'glazed', 'turkey', 'breast', 'sherry', 'gravy', '<EOS>', '<PAD>', '<PAD>', '<PAD>']"
1,resnet50,train,10,"['<SOS>', '3', 'ingredient', 'peanut', 'cooky', 'cooky', '<EOS>', '<PAD>', '<PAD>', '<PAD>', '<PAD>']","['<SOS>', '3', 'ingredient', 'peanut', 'butter', 'cooky', '<EOS>', '<PAD>', '<PAD>', '<PAD>', '<PAD>']"
1,resnet50,train,10,"['<SOS>', '3', 'ingredient', 'ingredient', 'bun', '<EOS>', '<PAD>', '<PAD>', '<PAD>', '<PAD>', '<PAD>']","['<SOS>', '3', 'ingredient', 'morning', 'bun', '<EOS>', '<PAD>', '<PAD>', '<PAD>', '<PAD>', '<PAD>']"
1,resnet50,train,10,"['<SOS>', 'amaya', 'migas', '<EOS>', '<PAD>', '<PAD>', '<PAD>', '<PAD>', '<PAD>', '<PAD>', '<PAD>']","['<SOS>', 'amaya', 'migas', '<EOS>', '<PAD>', '<PAD>', '<PAD>', '<PAD>', '<PAD>', '<PAD>', '<PAD>']"
1,resnet50,train,10,"['<SOS>', 'appenzeller', 'cheese', 'crisp', '<EOS>', '<PAD>', '<PAD>', '<PAD>', '<PAD>', '<PAD>', '<PAD>']","['<SOS>', 'appenzeller', 'cheese', 'crisp', '<EOS>', '<PAD>', '<PAD>', '<PAD>', '<PAD>', '<PAD>', '<PAD>']"
1,resnet50,train,10,"['<SOS>', 'almond', 'cake', 'roasted', 'pineapple', 'vanilla', 'cream', '<EOS>', '<PAD>', '<PAD>', '<PAD>']","['<SOS>', 'almond', 'cake', 'roasted', 'pineapple', 'vanilla', 'cream', '<EOS>', '<PAD>', '<PAD>', '<PAD>']"
1,resnet50,train,10,"['<SOS>', 'angel', 'biscuit', '<EOS>', '<PAD>', '<PAD>', '<PAD>', '<PAD>', '<PAD>', '<PAD>', '<PAD>']","['<SOS>', 'angel', 'biscuit', '<EOS>', '<PAD>', '<PAD>', '<PAD>', '<PAD>', '<PAD>', '<PAD>', '<PAD>']"
1,resnet50,train,10,"['<SOS>', 'andouille', 'mist', '<EOS>', '<PAD>', '<PAD>', '<PAD>', '<PAD>', '<PAD>', '<PAD>', '<PAD>']","['<SOS>', 'aperol', 'mist', '<EOS>', '<PAD>', '<PAD>', '<PAD>', '<PAD>', '<PAD>', '<PAD>', '<PAD>']"
1,resnet50,train,10,"['<SOS>', 'almond', 'mascarpone', 'cake', 'mascarpone', 'frosting', 'chocolate', '<PAD>', '<EOS>', '<PAD>', '<PAD>']","['<SOS>', 'almond', 'praline', 'cake', 'mascarpone', 'frosting', 'chocolate', 'bark', '<EOS>', '<PAD>', '<PAD>']"
1,resnet50,train,10,"['<SOS>', '3', 'ingredient', 'white', 'white', 'white', 'white', '<EOS>', '<PAD>', '<PAD>', '<PAD>']","['<SOS>', '3', 'ingredient', 'mussel', 'white', 'wine', 'pesto', '<EOS>', '<PAD>', '<PAD>', '<PAD>']"
1,resnet50,train,10,"['<SOS>', 'algerian', 'flatbread', '<EOS>', '<PAD>', '<PAD>', '<PAD>', '<PAD>', '<PAD>', '<PAD>', '<PAD>']","['<SOS>', 'algerian', 'flatbread', '<EOS>', '<PAD>', '<PAD>', '<PAD>', '<PAD>', '<PAD>', '<PAD>', '<PAD>']"
1,resnet50,val,10,"['<SOS>', 'almond', 'almond', 'almond', 'almond', 'almond', 'almond', 'almond', 'almond', 'almond', 'almond']","['<SOS>', '3', 'ingredient', 'charred', 'green', 'bean', 'ricotta', 'lemon', '<EOS>', '<PAD>', '<PAD>']"
1,resnet50,val,10,"['<SOS>', '<SOS>', 'ingredient', 'ingredient', 'ingredient', 'ingredient', 'ingredient', 'ingredient', 'ingredient', '<PAD>', '<PAD>']","['<SOS>', 'almond', 'horchata', '<EOS>', '<PAD>', '<PAD>', '<PAD>', '<PAD>', '<PAD>', '<PAD>', '<PAD>']"
1,resnet50,val,10,"['<SOS>', '<SOS>', 'cheese', 'sour', 'sour', 'sour', '<EOS>', '<EOS>', '<EOS>', '<EOS>', '<EOS>']","['<SOS>', 'almond', 'apricot', 'chicken', 'mint', 'pesto', '<EOS>', '<PAD>', '<PAD>', '<PAD>', '<PAD>']"
1,resnet50,val,10,"['<SOS>', 'almond', 'almond', 'almond', 'almond', 'almond', 'almond', 'almond', 'almond', 'almond', 'almond']","['<SOS>', 'anchovy', 'mayonnaise', '<EOS>', '<PAD>', '<PAD>', '<PAD>', '<PAD>', '<PAD>', '<PAD>', '<PAD>']"
1,resnet50,val,10,"['<SOS>', 'almond', 'almond', 'almond', 'almond', 'almond', 'almond', 'almond', '<PAD>', '<PAD>', '<PAD>']","['<SOS>', 'agave', 'margarita', '<EOS>', '<PAD>', '<PAD>', '<PAD>', '<PAD>', '<PAD>', '<PAD>', '<PAD>']"
1,resnet50,val,10,"['<SOS>', 'almond', 'almond', 'ingredient', 'ingredient', 'ingredient', 'ingredient', 'ingredient', 'ingredient', 'ingredient', '<PAD>']","['<SOS>', '10', 'minute', 'chicken', 'flatbread', 'hummus', 'yogurt', '<EOS>', '<PAD>', '<PAD>', '<PAD>']"
1,resnet50,val,10,"['<SOS>', 'almond', 'almond', 'almond', 'almond', 'almond', 'almond', 'almond', 'almond', 'almond', 'almond']","['<SOS>', 'apple', 'almond', 'turnover', '<EOS>', '<PAD>', '<PAD>', '<PAD>', '<PAD>', '<PAD>', '<PAD>']"
1,resnet50,val,10,"['<SOS>', '<SOS>', 'butter', 'butter', 'butter', 'butter', 'butter', 'butter', 'butter', '<EOS>', '<EOS>']","['<SOS>', 'adobo', 'chicken', 'parchment', '<EOS>', '<PAD>', '<PAD>', '<PAD>', '<PAD>', '<PAD>', '<PAD>']"
1,resnet50,val,10,"['<SOS>', '<SOS>', 'shrimp', 'shrimp', 'shrimp', 'shrimp', 'shrimp', '<EOS>', '<EOS>', '<EOS>', '<EOS>']","['<SOS>', 'alaskan', 'black', 'cod', 'hoisin', 'ginger', 'sauce', '<EOS>', '<PAD>', '<PAD>', '<PAD>']"
1,resnet50,train,11,"['<SOS>', 'african', 'soup', 'soup', 'soup', 'chickpea', '<EOS>', '<PAD>', '<PAD>', '<PAD>', '<PAD>']","['<SOS>', 'african', 'curried', 'coconut', 'soup', 'chickpea', '<EOS>', '<PAD>', '<PAD>', '<PAD>', '<PAD>']"
1,resnet50,train,11,"['<SOS>', 'almond', 'butter', 'cooky', '<EOS>', '<PAD>', '<PAD>', '<PAD>', '<PAD>', '<PAD>', '<PAD>']","['<SOS>', 'almond', 'butter', 'cooky', '<EOS>', '<PAD>', '<PAD>', '<PAD>', '<PAD>', '<PAD>', '<PAD>']"
1,resnet50,train,11,"['<SOS>', 'adobo', 'turkey', 'gravy', 'chile', 'gravy', '<EOS>', '<PAD>', '<PAD>', '<PAD>', '<PAD>']","['<SOS>', 'adobo', 'turkey', 'red', 'chile', 'gravy', '<EOS>', '<PAD>', '<PAD>', '<PAD>', '<PAD>']"
1,resnet50,train,11,"['<SOS>', 'amaya', 'migas', '<EOS>', '<PAD>', '<PAD>', '<PAD>', '<PAD>', '<PAD>', '<PAD>', '<PAD>']","['<SOS>', 'amaya', 'migas', '<EOS>', '<PAD>', '<PAD>', '<PAD>', '<PAD>', '<PAD>', '<PAD>', '<PAD>']"
1,resnet50,train,11,"['<SOS>', '3', 'ingredient', 'blueberry', 'blueberry', 'blueberry', '<EOS>', '<PAD>', '<PAD>', '<PAD>', '<PAD>']","['<SOS>', '3', 'ingredient', 'blueberry', 'champagne', 'granita', '<EOS>', '<PAD>', '<PAD>', '<PAD>', '<PAD>']"
1,resnet50,train,11,"['<SOS>', '3', 'ingredient', 'icebox', 'icebox', 'cake', '<EOS>', '<PAD>', '<PAD>', '<PAD>', '<PAD>']","['<SOS>', '3', 'ingredient', 'gingersnap', 'icebox', 'cake', '<EOS>', '<PAD>', '<PAD>', '<PAD>', '<PAD>']"
1,resnet50,train,11,"['<SOS>', 'aperol', 'kombucha', 'cocktail', '<EOS>', '<PAD>', '<PAD>', '<PAD>', '<PAD>', '<PAD>', '<PAD>']","['<SOS>', 'aperol', 'kombucha', 'cocktail', '<EOS>', '<PAD>', '<PAD>', '<PAD>', '<PAD>', '<PAD>', '<PAD>']"
1,resnet50,train,11,"['<SOS>', 'ancho', 'chile', 'pork', 'tenderloin', 'brussels', 'squash', 'squash', '<EOS>', '<PAD>', '<PAD>']","['<SOS>', 'ancho', 'chile', 'pork', 'tenderloin', 'brussels', 'sprout', 'squash', '<EOS>', '<PAD>', '<PAD>']"
1,resnet50,train,11,"['<SOS>', 'way', 'niçoise', '<EOS>', '<PAD>', '<PAD>', '<PAD>', '<PAD>', '<PAD>', '<PAD>', '<PAD>']","['<SOS>', 'way', 'niçoise', '<EOS>', '<PAD>', '<PAD>', '<PAD>', '<PAD>', '<PAD>', '<PAD>', '<PAD>']"
1,resnet50,train,11,"['<SOS>', '15', 'minute', 'chicken', 'chicken', 'red', 'chicken', 'onion', 'slaw', '<EOS>', '<PAD>']","['<SOS>', '15', 'minute', 'chicken', 'paillards', 'red', 'cabbage', 'onion', 'slaw', '<EOS>', '<PAD>']"
1,resnet50,train,11,"['<SOS>', 'almond', 'raisin', 'agrodolce', '<EOS>', '<PAD>', '<PAD>', '<PAD>', '<PAD>', '<PAD>', '<PAD>']","['<SOS>', 'almond', 'raisin', 'agrodolce', '<EOS>', '<PAD>', '<PAD>', '<PAD>', '<PAD>', '<PAD>', '<PAD>']"
1,resnet50,train,11,"['<SOS>', 'aged', 'rib', 'purée', 'onion', 'purée', '<EOS>', '<PAD>', '<PAD>', '<PAD>', '<PAD>']","['<SOS>', 'aged', 'rib', 'eye', 'onion', 'purée', '<EOS>', '<PAD>', '<PAD>', '<PAD>', '<PAD>']"
1,resnet50,train,11,"['<SOS>', '3', 'ingredient', 'chipotle', 'lime', 'grilled', 'steak', '<EOS>', '<PAD>', '<PAD>', '<PAD>']","['<SOS>', '3', 'ingredient', 'chipotle', 'lime', 'grilled', 'steak', '<EOS>', '<PAD>', '<PAD>', '<PAD>']"
1,resnet50,val,11,"['<SOS>', 'almond', 'almond', 'almond', 'almond', 'almond', 'almond', 'almond', 'almond', 'almond', 'almond']","['<SOS>', '3', 'ingredient', 'charred', 'green', 'bean', 'ricotta', 'lemon', '<EOS>', '<PAD>', '<PAD>']"
1,resnet50,val,11,"['<SOS>', 'almond', 'almond', 'almond', 'chocolate', 'chocolate', 'chocolate', 'chocolate', 'chocolate', 'chocolate', 'chocolate']","['<SOS>', 'almond', 'horchata', '<EOS>', '<PAD>', '<PAD>', '<PAD>', '<PAD>', '<PAD>', '<PAD>', '<PAD>']"
1,resnet50,val,11,"['<SOS>', '<SOS>', 'almond', 'almond', 'almond', 'almond', 'almond', 'almond', 'almond', 'almond', 'almond']","['<SOS>', 'almond', 'apricot', 'chicken', 'mint', 'pesto', '<EOS>', '<PAD>', '<PAD>', '<PAD>', '<PAD>']"
1,resnet50,val,11,"['<SOS>', '<SOS>', 'angel', 'cake', 'cake', 'cake', 'cake', 'cake', 'cake', 'cake', 'cake']","['<SOS>', 'anchovy', 'mayonnaise', '<EOS>', '<PAD>', '<PAD>', '<PAD>', '<PAD>', '<PAD>', '<PAD>', '<PAD>']"
1,resnet50,val,11,"['<SOS>', 'almond', 'almond', 'almond', 'almond', 'almond', 'almond', 'almond', 'almond', 'almond', 'almond']","['<SOS>', 'agave', 'margarita', '<EOS>', '<PAD>', '<PAD>', '<PAD>', '<PAD>', '<PAD>', '<PAD>', '<PAD>']"
1,resnet50,val,11,"['<SOS>', 'almond', 'almond', 'almond', 'almond', 'almond', 'almond', 'mexican', 'mexican', 'mexican', 'mexican']","['<SOS>', '10', 'minute', 'chicken', 'flatbread', 'hummus', 'yogurt', '<EOS>', '<PAD>', '<PAD>', '<PAD>']"
1,resnet50,val,11,"['<SOS>', 'almond', 'almond', 'almond', 'almond', 'almond', 'almond', 'almond', 'almond', 'almond', 'almond']","['<SOS>', 'apple', 'almond', 'turnover', '<EOS>', '<PAD>', '<PAD>', '<PAD>', '<PAD>', '<PAD>', '<PAD>']"
1,resnet50,val,11,"['<SOS>', 'almond', 'almond', 'almond', 'almond', 'almond', 'almond', 'almond', 'almond', 'almond', 'almond']","['<SOS>', 'adobo', 'chicken', 'parchment', '<EOS>', '<PAD>', '<PAD>', '<PAD>', '<PAD>', '<PAD>', '<PAD>']"
1,resnet50,val,11,"['<SOS>', 'almond', 'almond', 'almond', 'almond', 'almond', 'almond', 'almond', 'almond', 'almond', 'almond']","['<SOS>', 'alaskan', 'black', 'cod', 'hoisin', 'ginger', 'sauce', '<EOS>', '<PAD>', '<PAD>', '<PAD>']"
1,resnet50,train,12,"['<SOS>', 'jolly', 'mince', 'mince', 'pie', '<EOS>', '<PAD>', '<PAD>', '<PAD>', '<PAD>', '<PAD>']","['<SOS>', 'jolly', 'good', 'mince', 'pie', '<EOS>', '<PAD>', '<PAD>', '<PAD>', '<PAD>', '<PAD>']"
1,resnet50,train,12,"['<SOS>', 'air', 'fryer', 'crispy', 'herbed', 'chickpea', '<EOS>', '<PAD>', '<PAD>', '<PAD>', '<PAD>']","['<SOS>', 'air', 'fryer', 'crispy', 'herbed', 'chickpea', '<EOS>', '<PAD>', '<PAD>', '<PAD>', '<PAD>']"
1,resnet50,train,12,"['<SOS>', '3', 'ingredient', 'thanksgiving', 'turkey', 'orange', 'sage', '<EOS>', '<PAD>', '<PAD>', '<PAD>']","['<SOS>', '3', 'ingredient', 'thanksgiving', 'turkey', 'orange', 'sage', '<EOS>', '<PAD>', '<PAD>', '<PAD>']"
1,resnet50,train,12,"['<SOS>', 'almond', 'sherry', 'sherry', 'trifle', '<EOS>', '<PAD>', '<PAD>', '<PAD>', '<PAD>', '<PAD>']","['<SOS>', 'almond', 'sherry', 'christmas', 'trifle', '<EOS>', '<PAD>', '<PAD>', '<PAD>', '<PAD>', '<PAD>']"
1,resnet50,train,12,"['<SOS>', 'anise', 'scented', 'fig', 'swirl', 'swirl', '<EOS>', '<PAD>', '<PAD>', '<PAD>', '<PAD>']","['<SOS>', 'anise', 'scented', 'fig', 'date', 'swirl', '<EOS>', '<PAD>', '<PAD>', '<PAD>', '<PAD>']"
1,resnet50,train,12,"['<SOS>', '3', 'ingredient', 'creamy', 'pumpkin', 'pasta', '<EOS>', '<PAD>', '<PAD>', '<PAD>', '<PAD>']","['<SOS>', '3', 'ingredient', 'creamy', 'pumpkin', 'pasta', '<EOS>', '<PAD>', '<PAD>', '<PAD>', '<PAD>']"
1,resnet50,train,12,"['<SOS>', 'almond', 'pancake', 'pancake', 'cherry', 'syrup', '<EOS>', '<PAD>', '<PAD>', '<PAD>', '<PAD>']","['<SOS>', 'almond', 'pancake', 'sour', 'cherry', 'syrup', '<EOS>', '<PAD>', '<PAD>', '<PAD>', '<PAD>']"
1,resnet50,train,12,"['<SOS>', 'adobo', 'glazed', 'mini', 'turkey', 'loaf', '<EOS>', '<PAD>', '<PAD>', '<PAD>', '<PAD>']","['<SOS>', 'adobo', 'glazed', 'mini', 'turkey', 'loaf', '<EOS>', '<PAD>', '<PAD>', '<PAD>', '<PAD>']"
1,resnet50,train,12,"['<SOS>', '3', 'ingredient', 'grilled', 'feta', 'feta', 'tomato', 'salad', '<EOS>', '<PAD>', '<PAD>']","['<SOS>', '3', 'ingredient', 'grilled', 'watermelon', 'feta', 'tomato', 'salad', '<EOS>', '<PAD>', '<PAD>']"
1,resnet50,train,12,"['<SOS>', 'aged', 'rib', 'eye', 'onion', 'purée', '<EOS>', '<PAD>', '<PAD>', '<PAD>', '<PAD>']","['<SOS>', 'aged', 'rib', 'eye', 'onion', 'purée', '<EOS>', '<PAD>', '<PAD>', '<PAD>', '<PAD>']"
1,resnet50,train,12,"['<SOS>', '3', 'ingredient', 'flaky', 'flatbread', '<EOS>', '<PAD>', '<PAD>', '<PAD>', '<PAD>', '<PAD>']","['<SOS>', '3', 'ingredient', 'flaky', 'flatbread', '<EOS>', '<PAD>', '<PAD>', '<PAD>', '<PAD>', '<PAD>']"
1,resnet50,train,12,"['<SOS>', '3', 'ingredient', 'grilled', 'mexican', 'street', 'elote', 'elote', '<EOS>', '<PAD>', '<PAD>']","['<SOS>', '3', 'ingredient', 'grilled', 'mexican', 'street', 'corn', 'elote', '<EOS>', '<PAD>', '<PAD>']"
1,resnet50,train,12,"['<SOS>', 'almond', 'pear', 'galette', '<EOS>', '<PAD>', '<PAD>', '<PAD>', '<PAD>', '<PAD>', '<PAD>']","['<SOS>', 'almond', 'pear', 'galette', '<EOS>', '<PAD>', '<PAD>', '<PAD>', '<PAD>', '<PAD>', '<PAD>']"
1,resnet50,val,12,"['<SOS>', 'almond', 'almond', 'almond', 'almond', 'almond', 'almond', 'almond', 'almond', 'almond', 'almond']","['<SOS>', '3', 'ingredient', 'charred', 'green', 'bean', 'ricotta', 'lemon', '<EOS>', '<PAD>', '<PAD>']"
1,resnet50,val,12,"['<SOS>', '<SOS>', 'agua', 'fruit', 'fruit', 'fruit', '<PAD>', '<PAD>', '<PAD>', '<PAD>', '<PAD>']","['<SOS>', 'almond', 'horchata', '<EOS>', '<PAD>', '<PAD>', '<PAD>', '<PAD>', '<PAD>', '<PAD>', '<PAD>']"
1,resnet50,val,12,"['<SOS>', '<SOS>', 'cheese', 'cheese', 'cheese', '<EOS>', '<EOS>', '<EOS>', '<EOS>', '<EOS>', '<EOS>']","['<SOS>', 'almond', 'apricot', 'chicken', 'mint', 'pesto', '<EOS>', '<PAD>', '<PAD>', '<PAD>', '<PAD>']"
1,resnet50,val,12,"['<SOS>', '<SOS>', 'caviar', 'bread', 'bread', 'bread', 'bread', 'bread', 'bread', 'bread', 'bread']","['<SOS>', 'anchovy', 'mayonnaise', '<EOS>', '<PAD>', '<PAD>', '<PAD>', '<PAD>', '<PAD>', '<PAD>', '<PAD>']"
1,resnet50,val,12,"['<SOS>', '<SOS>', 'al', 'chocolate', 'chocolate', 'chocolate', 'chocolate', 'chocolate', 'chocolate', 'chocolate', 'chocolate']","['<SOS>', 'agave', 'margarita', '<EOS>', '<PAD>', '<PAD>', '<PAD>', '<PAD>', '<PAD>', '<PAD>', '<PAD>']"
1,resnet50,val,12,"['<SOS>', 'almond', 'almond', 'almond', 'syrup', 'syrup', 'cooky', 'cooky', 'cooky', 'cooky', 'cooky']","['<SOS>', '10', 'minute', 'chicken', 'flatbread', 'hummus', 'yogurt', '<EOS>', '<PAD>', '<PAD>', '<PAD>']"
1,resnet50,val,12,"['<SOS>', '<SOS>', 'apple', 'apple', 'apple', 'apple', '<PAD>', '<PAD>', '<PAD>', '<PAD>', '<PAD>']","['<SOS>', 'apple', 'almond', 'turnover', '<EOS>', '<PAD>', '<PAD>', '<PAD>', '<PAD>', '<PAD>', '<PAD>']"
1,resnet50,val,12,"['<SOS>', '<SOS>', 'butter', 'butter', 'butter', 'butter', 'butter', 'butter', 'butter', 'butter', 'butter']","['<SOS>', 'adobo', 'chicken', 'parchment', '<EOS>', '<PAD>', '<PAD>', '<PAD>', '<PAD>', '<PAD>', '<PAD>']"
1,resnet50,val,12,"['<SOS>', 'almond', 'almond', 'almond', 'almond', 'almond', 'almond', 'almond', 'almond', 'almond', 'almond']","['<SOS>', 'alaskan', 'black', 'cod', 'hoisin', 'ginger', 'sauce', '<EOS>', '<PAD>', '<PAD>', '<PAD>']"
1,resnet50,train,13,"['<SOS>', 'ancho', 'chile', 'rubbed', 'grilled', 'corn', '<EOS>', '<PAD>', '<PAD>', '<PAD>', '<PAD>']","['<SOS>', 'ancho', 'chile', 'rubbed', 'grilled', 'corn', '<EOS>', '<PAD>', '<PAD>', '<PAD>', '<PAD>']"
1,resnet50,train,13,"['<SOS>', 'ambrosia', '<EOS>', '<PAD>', '<PAD>', '<PAD>', '<PAD>', '<PAD>', '<PAD>', '<PAD>', '<PAD>']","['<SOS>', 'ambrosia', '<EOS>', '<PAD>', '<PAD>', '<PAD>', '<PAD>', '<PAD>', '<PAD>', '<PAD>', '<PAD>']"
1,resnet50,train,13,"['<SOS>', 'caramelized', 'eggplant', 'harissa', 'yogurt', '<EOS>', '<PAD>', '<PAD>', '<PAD>', '<PAD>', '<PAD>']","['<SOS>', 'caramelized', 'eggplant', 'harissa', 'yogurt', '<EOS>', '<PAD>', '<PAD>', '<PAD>', '<PAD>', '<PAD>']"
1,resnet50,train,13,"['<SOS>', '3', 'ingredient', 'mussel', 'white', 'wine', 'pesto', '<EOS>', '<PAD>', '<PAD>', '<PAD>']","['<SOS>', '3', 'ingredient', 'mussel', 'white', 'wine', 'pesto', '<EOS>', '<PAD>', '<PAD>', '<PAD>']"
1,resnet50,train,13,"['<SOS>', '3', 'ingredient', 'sweet', 'sweet', 'brussels', 'sprout', '<EOS>', '<PAD>', '<PAD>', '<PAD>']","['<SOS>', '3', 'ingredient', 'sweet', 'smoky', 'brussels', 'sprout', '<EOS>', '<PAD>', '<PAD>', '<PAD>']"
1,resnet50,train,13,"['<SOS>', 'jollof', 'rice', '<EOS>', '<PAD>', '<PAD>', '<PAD>', '<PAD>', '<PAD>', '<PAD>', '<PAD>']","['<SOS>', 'jollof', 'rice', '<EOS>', '<PAD>', '<PAD>', '<PAD>', '<PAD>', '<PAD>', '<PAD>', '<PAD>']"
1,resnet50,train,13,"['<SOS>', 'amaretto', 'zabaglione', '<EOS>', '<PAD>', '<PAD>', '<PAD>', '<PAD>', '<PAD>', '<PAD>', '<PAD>']","['<SOS>', 'amaretto', 'zabaglione', '<EOS>', '<PAD>', '<PAD>', '<PAD>', '<PAD>', '<PAD>', '<PAD>', '<PAD>']"
1,resnet50,train,13,"['<SOS>', 'alfajores', 'coconut', 'dulce', 'de', 'leche', '<EOS>', '<PAD>', '<PAD>', '<PAD>', '<PAD>']","['<SOS>', 'alfajores', 'coconut', 'dulce', 'de', 'leche', '<EOS>', '<PAD>', '<PAD>', '<PAD>', '<PAD>']"
1,resnet50,train,13,"['<SOS>', 'way', 'way', '<EOS>', '<PAD>', '<PAD>', '<PAD>', '<PAD>', '<PAD>', '<PAD>', '<PAD>']","['<SOS>', 'way', 'niçoise', '<EOS>', '<PAD>', '<PAD>', '<PAD>', '<PAD>', '<PAD>', '<PAD>', '<PAD>']"
1,resnet50,train,13,"['<SOS>', 'ancho', 'carne', 'carne', 'carne', '<EOS>', '<PAD>', '<PAD>', '<PAD>', '<PAD>', '<PAD>']","['<SOS>', 'ancho', 'cocoa', 'carne', 'asada', '<EOS>', '<PAD>', '<PAD>', '<PAD>', '<PAD>', '<PAD>']"
1,resnet50,train,13,"['<SOS>', 'agave', 'glazed', 'pork', 'grilled', 'grilled', 'pineapple', '<EOS>', '<PAD>', '<PAD>', '<PAD>']","['<SOS>', 'agave', 'glazed', 'pork', 'belly', 'grilled', 'pineapple', '<EOS>', '<PAD>', '<PAD>', '<PAD>']"
1,resnet50,train,13,"['<SOS>', '1', '2', '3', 'cake', 'cake', '<EOS>', '<PAD>', '<PAD>', '<PAD>', '<PAD>']","['<SOS>', '1', '2', '3', '4', 'cake', '<EOS>', '<PAD>', '<PAD>', '<PAD>', '<PAD>']"
1,resnet50,train,13,"['<SOS>', 'angry', 'shrimp', '<EOS>', '<PAD>', '<PAD>', '<PAD>', '<PAD>', '<PAD>', '<PAD>', '<PAD>']","['<SOS>', 'angry', 'shrimp', '<EOS>', '<PAD>', '<PAD>', '<PAD>', '<PAD>', '<PAD>', '<PAD>', '<PAD>']"
1,resnet50,val,13,"['<SOS>', 'almond', 'almond', 'almond', 'almond', 'almond', 'almond', 'almond', 'almond', 'almond', 'almond']","['<SOS>', '3', 'ingredient', 'charred', 'green', 'bean', 'ricotta', 'lemon', '<EOS>', '<PAD>', '<PAD>']"
1,resnet50,val,13,"['<SOS>', 'almond', 'almond', 'almond', 'peach', 'peach', '<PAD>', '<PAD>', '<PAD>', '<PAD>', '<PAD>']","['<SOS>', 'almond', 'horchata', '<EOS>', '<PAD>', '<PAD>', '<PAD>', '<PAD>', '<PAD>', '<PAD>', '<PAD>']"
1,resnet50,val,13,"['<SOS>', '<SOS>', 'adobo', 'adobo', 'grilled', 'grilled', 'grilled', 'grilled', 'grilled', 'grilled', 'grilled']","['<SOS>', 'almond', 'apricot', 'chicken', 'mint', 'pesto', '<EOS>', '<PAD>', '<PAD>', '<PAD>', '<PAD>']"
1,resnet50,val,13,"['<SOS>', '<SOS>', 'minute', 'minute', 'minute', '<EOS>', '<EOS>', '<EOS>', '<EOS>', '<EOS>', '<EOS>']","['<SOS>', 'anchovy', 'mayonnaise', '<EOS>', '<PAD>', '<PAD>', '<PAD>', '<PAD>', '<PAD>', '<PAD>', '<PAD>']"
1,resnet50,val,13,"['<SOS>', 'alton', 'alton', 'pork', 'pork', 'pork', '<PAD>', '<PAD>', '<PAD>', '<PAD>', '<PAD>']","['<SOS>', 'agave', 'margarita', '<EOS>', '<PAD>', '<PAD>', '<PAD>', '<PAD>', '<PAD>', '<PAD>', '<PAD>']"
1,resnet50,val,13,"['<SOS>', 'almond', 'almond', 'almond', 'almond', 'almond', 'shrimp', 'shrimp', 'shrimp', '<EOS>', '<EOS>']","['<SOS>', '10', 'minute', 'chicken', 'flatbread', 'hummus', 'yogurt', '<EOS>', '<PAD>', '<PAD>', '<PAD>']"
1,resnet50,val,13,"['<SOS>', '<SOS>', 'almond', 'almond', 'almond', 'almond', 'almond', 'almond', 'almond', 'almond', 'almond']","['<SOS>', 'apple', 'almond', 'turnover', '<EOS>', '<PAD>', '<PAD>', '<PAD>', '<PAD>', '<PAD>', '<PAD>']"
1,resnet50,val,13,"['<SOS>', '<SOS>', 'butter', 'butter', 'butter', 'butter', 'butter', 'butter', 'butter', 'butter', 'butter']","['<SOS>', 'adobo', 'chicken', 'parchment', '<EOS>', '<PAD>', '<PAD>', '<PAD>', '<PAD>', '<PAD>', '<PAD>']"
1,resnet50,val,13,"['<SOS>', 'ancho', '3', '3', '3', '3', '3', '3', '3', '3', '<PAD>']","['<SOS>', 'alaskan', 'black', 'cod', 'hoisin', 'ginger', 'sauce', '<EOS>', '<PAD>', '<PAD>', '<PAD>']"
1,resnet50,train,14,"['<SOS>', 'anchovy', 'anchovy', 'roasted', 'roasted', '<EOS>', '<PAD>', '<PAD>', '<PAD>', '<PAD>', '<PAD>']","['<SOS>', 'anchovy', 'rosemary', 'roasted', 'lamb', '<EOS>', '<PAD>', '<PAD>', '<PAD>', '<PAD>', '<PAD>']"
1,resnet50,train,14,"['<SOS>', 'apple', 'dried', 'cranberry', 'pie', '<EOS>', '<PAD>', '<PAD>', '<PAD>', '<PAD>', '<PAD>']","['<SOS>', 'apple', 'dried', 'cranberry', 'pie', '<EOS>', '<PAD>', '<PAD>', '<PAD>', '<PAD>', '<PAD>']"
1,resnet50,train,14,"['<SOS>', '3', 'ingredient', 'nutella', 'brownie', '<EOS>', '<PAD>', '<PAD>', '<PAD>', '<PAD>', '<PAD>']","['<SOS>', '3', 'ingredient', 'nutella', 'brownie', '<EOS>', '<PAD>', '<PAD>', '<PAD>', '<PAD>', '<PAD>']"
1,resnet50,train,14,"['<SOS>', 'apple', 'cranberry', 'chutney', '<EOS>', '<PAD>', '<PAD>', '<PAD>', '<PAD>', '<PAD>', '<PAD>']","['<SOS>', 'apple', 'cranberry', 'chutney', '<EOS>', '<PAD>', '<PAD>', '<PAD>', '<PAD>', '<PAD>', '<PAD>']"
1,resnet50,train,14,"['<SOS>', 'ancho', 'chile', 'rubbed', 'grilled', 'corn', '<EOS>', '<PAD>', '<PAD>', '<PAD>', '<PAD>']","['<SOS>', 'ancho', 'chile', 'rubbed', 'grilled', 'corn', '<EOS>', '<PAD>', '<PAD>', '<PAD>', '<PAD>']"
1,resnet50,train,14,"['<SOS>', '5', 'grain', 'pollen', 'bee', 'pollen', 'pollen', 'coconut', '<EOS>', '<PAD>', '<PAD>']","['<SOS>', '5', 'grain', 'porridge', 'bee', 'pollen', 'apple', 'coconut', '<EOS>', '<PAD>', '<PAD>']"
1,resnet50,train,14,"['<SOS>', 'apple', 'fig', 'custard', '<EOS>', '<PAD>', '<PAD>', '<PAD>', '<PAD>', '<PAD>', '<PAD>']","['<SOS>', 'apple', 'fig', 'custard', '<EOS>', '<PAD>', '<PAD>', '<PAD>', '<PAD>', '<PAD>', '<PAD>']"
1,resnet50,train,14,"['<SOS>', 'acinus', 'de', 'de', 'spinach', 'feta', '<EOS>', '<PAD>', '<PAD>', '<PAD>', '<PAD>']","['<SOS>', 'acinus', 'de', 'pepe', 'spinach', 'feta', '<EOS>', '<PAD>', '<PAD>', '<PAD>', '<PAD>']"
1,resnet50,train,14,"['<SOS>', '3', 'ingredient', 'tomato', 'soup', '<EOS>', '<PAD>', '<PAD>', '<PAD>', '<PAD>', '<PAD>']","['<SOS>', '3', 'ingredient', 'tomato', 'soup', '<EOS>', '<PAD>', '<PAD>', '<PAD>', '<PAD>', '<PAD>']"
1,resnet50,train,14,"['<SOS>', 'alice', 's', 'curious', 'french', 'bread', 'bread', 'pudding', '<EOS>', '<PAD>', '<PAD>']","['<SOS>', 'alice', 's', 'curious', 'french', 'toast', 'bread', 'pudding', '<EOS>', '<PAD>', '<PAD>']"
1,resnet50,train,14,"['<SOS>', 'alsatian', 'cheese', 'tart', '<EOS>', '<PAD>', '<PAD>', '<PAD>', '<PAD>', '<PAD>', '<PAD>']","['<SOS>', 'alsatian', 'cheese', 'tart', '<EOS>', '<PAD>', '<PAD>', '<PAD>', '<PAD>', '<PAD>', '<PAD>']"
1,resnet50,train,14,"['<SOS>', 'amaya', 'migas', '<EOS>', '<PAD>', '<PAD>', '<PAD>', '<PAD>', '<PAD>', '<PAD>', '<PAD>']","['<SOS>', 'amaya', 'migas', '<EOS>', '<PAD>', '<PAD>', '<PAD>', '<PAD>', '<PAD>', '<PAD>', '<PAD>']"
1,resnet50,train,14,"['<SOS>', '3', 'ingredient', 'roasted', 'pesto', 'pistachio', 'pesto', '<EOS>', '<PAD>', '<PAD>', '<PAD>']","['<SOS>', '3', 'ingredient', 'roasted', 'carrot', 'pistachio', 'pesto', '<EOS>', '<PAD>', '<PAD>', '<PAD>']"
1,resnet50,val,14,"['<SOS>', 'almond', 'almond', 'almond', 'almond', 'almond', 'almond', 'almond', 'almond', 'almond', 'almond']","['<SOS>', '3', 'ingredient', 'charred', 'green', 'bean', 'ricotta', 'lemon', '<EOS>', '<PAD>', '<PAD>']"
1,resnet50,val,14,"['<SOS>', 'almond', 'almond', 'almond', 'almond', 'almond', 'orange', 'orange', 'orange', 'orange', 'orange']","['<SOS>', 'almond', 'horchata', '<EOS>', '<PAD>', '<PAD>', '<PAD>', '<PAD>', '<PAD>', '<PAD>', '<PAD>']"
1,resnet50,val,14,"['<SOS>', '<SOS>', 'almond', 'almond', 'almond', 'almond', 'almond', 'almond', 'almond', 'almond', 'almond']","['<SOS>', 'almond', 'apricot', 'chicken', 'mint', 'pesto', '<EOS>', '<PAD>', '<PAD>', '<PAD>', '<PAD>']"
1,resnet50,val,14,"['<SOS>', 'almond', 'almond', 'almond', 'almond', 'almond', 'almond', 'almond', 'almond', 'almond', 'almond']","['<SOS>', 'anchovy', 'mayonnaise', '<EOS>', '<PAD>', '<PAD>', '<PAD>', '<PAD>', '<PAD>', '<PAD>', '<PAD>']"
1,resnet50,val,14,"['<SOS>', '<SOS>', 'al', 'al', 'bloody', 'bloody', '<PAD>', '<PAD>', '<PAD>', '<PAD>', '<PAD>']","['<SOS>', 'agave', 'margarita', '<EOS>', '<PAD>', '<PAD>', '<PAD>', '<PAD>', '<PAD>', '<PAD>', '<PAD>']"
1,resnet50,val,14,"['<SOS>', 'almond', 'almond', 'almond', 'almond', 'almond', 'almond', 'almond', 'almond', 'almond', 'almond']","['<SOS>', '10', 'minute', 'chicken', 'flatbread', 'hummus', 'yogurt', '<EOS>', '<PAD>', '<PAD>', '<PAD>']"
1,resnet50,val,14,"['<SOS>', 'almond', 'almond', 'almond', 'almond', 'almond', 'almond', 'almond', 'almond', 'almond', 'almond']","['<SOS>', 'apple', 'almond', 'turnover', '<EOS>', '<PAD>', '<PAD>', '<PAD>', '<PAD>', '<PAD>', '<PAD>']"
1,resnet50,val,14,"['<SOS>', '<SOS>', 's', 's', 's', 's', 's', '<EOS>', '<EOS>', '<EOS>', '<EOS>']","['<SOS>', 'adobo', 'chicken', 'parchment', '<EOS>', '<PAD>', '<PAD>', '<PAD>', '<PAD>', '<PAD>', '<PAD>']"
1,resnet50,val,14,"['<SOS>', '<SOS>', 's', 's', 's', 's', 's', 's', '<EOS>', '<EOS>', '<EOS>']","['<SOS>', 'alaskan', 'black', 'cod', 'hoisin', 'ginger', 'sauce', '<EOS>', '<PAD>', '<PAD>', '<PAD>']"
1,resnet50,train,15,"['<SOS>', 'almond', 'macaroon', 'torte', 'chocolate', 'frosting', 'orange', 'compote', '<EOS>', '<PAD>', '<PAD>']","['<SOS>', 'almond', 'macaroon', 'torte', 'chocolate', 'frosting', 'orange', 'compote', '<EOS>', '<PAD>', '<PAD>']"
1,resnet50,train,15,"['<SOS>', 'almond', 'butter', 'banana', 'pancake', '<EOS>', '<PAD>', '<PAD>', '<PAD>', '<PAD>', '<PAD>']","['<SOS>', 'almond', 'butter', 'banana', 'pancake', '<EOS>', '<PAD>', '<PAD>', '<PAD>', '<PAD>', '<PAD>']"
1,resnet50,train,15,"['<SOS>', 'agave', 'glazed', 'turkey', 'breast', 'sherry', 'gravy', '<EOS>', '<PAD>', '<PAD>', '<PAD>']","['<SOS>', 'agave', 'glazed', 'turkey', 'breast', 'sherry', 'gravy', '<EOS>', '<PAD>', '<PAD>', '<PAD>']"
1,resnet50,train,15,"['<SOS>', 'almond', 'barley', 'porridge', 'fruit', '<EOS>', '<PAD>', '<PAD>', '<PAD>', '<PAD>', '<PAD>']","['<SOS>', 'almond', 'barley', 'porridge', 'fruit', '<EOS>', '<PAD>', '<PAD>', '<PAD>', '<PAD>', '<PAD>']"
1,resnet50,train,15,"['<SOS>', 'aperol', 'spritz', '<EOS>', '<PAD>', '<PAD>', '<PAD>', '<PAD>', '<PAD>', '<PAD>', '<PAD>']","['<SOS>', 'aperol', 'spritz', '<EOS>', '<PAD>', '<PAD>', '<PAD>', '<PAD>', '<PAD>', '<PAD>', '<PAD>']"
1,resnet50,train,15,"['<SOS>', '3', 'ingredient', 'maple', 'salmon', 'salmon', '<EOS>', '<PAD>', '<PAD>', '<PAD>', '<PAD>']","['<SOS>', '3', 'ingredient', 'maple', 'cardamom', 'salmon', '<EOS>', '<PAD>', '<PAD>', '<PAD>', '<PAD>']"
1,resnet50,train,15,"['<SOS>', 'alsatian', 'cheese', 'tart', '<EOS>', '<PAD>', '<PAD>', '<PAD>', '<PAD>', '<PAD>', '<PAD>']","['<SOS>', 'alsatian', 'cheese', 'tart', '<EOS>', '<PAD>', '<PAD>', '<PAD>', '<PAD>', '<PAD>', '<PAD>']"
1,resnet50,train,15,"['<SOS>', '3', 'ingredient', 'chicken', 'breast', 'stuffed', 'breast', 'breast', '<EOS>', '<PAD>', '<PAD>']","['<SOS>', '3', 'ingredient', 'chicken', 'breast', 'stuffed', 'ham', 'cheese', '<EOS>', '<PAD>', '<PAD>']"
1,resnet50,train,15,"['<SOS>', 'ambrosia', 'macaroon', '<EOS>', '<PAD>', '<PAD>', '<PAD>', '<PAD>', '<PAD>', '<PAD>', '<PAD>']","['<SOS>', 'ambrosia', 'macaroon', '<EOS>', '<PAD>', '<PAD>', '<PAD>', '<PAD>', '<PAD>', '<PAD>', '<PAD>']"
1,resnet50,train,15,"['<SOS>', 'algerian', 'flatbread', '<EOS>', '<PAD>', '<PAD>', '<PAD>', '<PAD>', '<PAD>', '<PAD>', '<PAD>']","['<SOS>', 'algerian', 'flatbread', '<EOS>', '<PAD>', '<PAD>', '<PAD>', '<PAD>', '<PAD>', '<PAD>', '<PAD>']"
1,resnet50,train,15,"['<SOS>', 'al', 's', 'bloody', 'best', '<EOS>', '<PAD>', '<PAD>', '<PAD>', '<PAD>', '<PAD>']","['<SOS>', 'al', 's', 'bloody', 'best', '<EOS>', '<PAD>', '<PAD>', '<PAD>', '<PAD>', '<PAD>']"
1,resnet50,train,15,"['<SOS>', 'agua', 'frescas', 'mexican', 'mexican', 'cooler', '<EOS>', '<PAD>', '<PAD>', '<PAD>', '<PAD>']","['<SOS>', 'agua', 'frescas', 'mexican', 'fruit', 'cooler', '<EOS>', '<PAD>', '<PAD>', '<PAD>', '<PAD>']"
1,resnet50,train,15,"['<SOS>', 'almond', 'flan', '<EOS>', '<PAD>', '<PAD>', '<PAD>', '<PAD>', '<PAD>', '<PAD>', '<PAD>']","['<SOS>', 'almond', 'flan', '<EOS>', '<PAD>', '<PAD>', '<PAD>', '<PAD>', '<PAD>', '<PAD>', '<PAD>']"
1,resnet50,val,15,"['<SOS>', 'almond', 'almond', 'almond', 'almond', 'almond', 'almond', 'almond', 'almond', 'almond', 'almond']","['<SOS>', '3', 'ingredient', 'charred', 'green', 'bean', 'ricotta', 'lemon', '<EOS>', '<PAD>', '<PAD>']"
1,resnet50,val,15,"['<SOS>', '<SOS>', 'ingredient', 'ingredient', 'ingredient', 'ingredient', 'ingredient', 'ingredient', 'ingredient', 'ingredient', '<PAD>']","['<SOS>', 'almond', 'horchata', '<EOS>', '<PAD>', '<PAD>', '<PAD>', '<PAD>', '<PAD>', '<PAD>', '<PAD>']"
1,resnet50,val,15,"['<SOS>', '<SOS>', 'minute', 'minute', 'minute', 'sauce', 'sauce', 'sauce', 'sauce', 'sauce', 'sauce']","['<SOS>', 'almond', 'apricot', 'chicken', 'mint', 'pesto', '<EOS>', '<PAD>', '<PAD>', '<PAD>', '<PAD>']"
1,resnet50,val,15,"['<SOS>', '<SOS>', 'grain', 'grain', 'grain', 'fruit', 'fruit', '<PAD>', '<PAD>', '<PAD>', '<PAD>']","['<SOS>', 'anchovy', 'mayonnaise', '<EOS>', '<PAD>', '<PAD>', '<PAD>', '<PAD>', '<PAD>', '<PAD>', '<PAD>']"
1,resnet50,val,15,"['<SOS>', '<SOS>', 'al', 'al', '<EOS>', '<EOS>', '<EOS>', '<EOS>', '<EOS>', '<EOS>', '<EOS>']","['<SOS>', 'agave', 'margarita', '<EOS>', '<PAD>', '<PAD>', '<PAD>', '<PAD>', '<PAD>', '<PAD>', '<PAD>']"
1,resnet50,val,15,"['<SOS>', '<SOS>', 'minute', 'minute', 'grilled', 'grilled', 'grilled', 'grilled', 'grilled', 'grilled', 'grilled']","['<SOS>', '10', 'minute', 'chicken', 'flatbread', 'hummus', 'yogurt', '<EOS>', '<PAD>', '<PAD>', '<PAD>']"
1,resnet50,val,15,"['<SOS>', '<SOS>', 'almond', 'almond', 'almond', 'almond', 'almond', 'almond', 'almond', 'almond', 'almond']","['<SOS>', 'apple', 'almond', 'turnover', '<EOS>', '<PAD>', '<PAD>', '<PAD>', '<PAD>', '<PAD>', '<PAD>']"
1,resnet50,val,15,"['<SOS>', '<SOS>', 'caviar', 'cheese', 'cheese', '<EOS>', '<EOS>', '<EOS>', '<EOS>', '<EOS>', '<EOS>']","['<SOS>', 'adobo', 'chicken', 'parchment', '<EOS>', '<PAD>', '<PAD>', '<PAD>', '<PAD>', '<PAD>', '<PAD>']"
1,resnet50,val,15,"['<SOS>', 'ancho', 'ancho', 'sweet', 'sweet', 'sweet', 'sweet', 'sweet', 'sweet', 'sweet', 'sweet']","['<SOS>', 'alaskan', 'black', 'cod', 'hoisin', 'ginger', 'sauce', '<EOS>', '<PAD>', '<PAD>', '<PAD>']"
